Position,Const,Created,Modified,Description,Title,Original Title,URL,Title Type,IMDb Rating,Runtime (mins),Year,Genres,Num Votes,Release Date,Directors,Your Rating,Date Rated
1,tt0056751,2022-03-29,2022-03-29,,"Doctor Who","Doctor Who",https://www.imdb.com/title/tt0056751/,TV Series,8.4,25,1963,"Adventure, Drama, Family, Sci-Fi",41565,1963-11-23,,,
2,tt0261655,2022-03-29,2022-03-29,,"Doctor Who: Dimensions in Time","Doctor Who: Dimensions in Time",https://www.imdb.com/title/tt0261655/,TV Mini Series,4.8,13,1993,"Short, Comedy, Sci-Fi",619,1993-11-26,,,
3,tt0116118,2022-03-29,2022-03-29,,"Doctor Who: The Movie","Doctor Who",https://www.imdb.com/title/tt0116118/,TV Movie,6.3,89,1996,"Adventure, Drama, Sci-Fi",11430,1996-05-14,"Geoffrey Sax",,
4,tt3332546,2022-03-29,2022-03-29,,"Doctor Who: The Night of the Doctor","Doctor Who: The Night of the Doctor",https://www.imdb.com/title/tt3332546/,Video,9.0,7,2013,"Short, Sci-Fi",4232,2013-11-14,"John Hayes",,
5,tt3395306,2022-03-29,2022-03-29,,"Doctor Who: The Last Day","Doctor Who: The Last Day",https://www.imdb.com/title/tt3395306/,Short,6.5,4,2013,"Short, Adventure, Drama, Family, Sci-Fi",153,2013-11-21,"Jamie Magnus Stone",,
6,tt2779318,2022-03-29,2022-03-29,,"Doctor Who: The Day of the Doctor","Doctor Who: The Day of the Doctor",https://www.imdb.com/title/tt2779318/,TV Episode,9.3,77,2013,"Adventure, Drama, Sci-Fi",21204,2013-11-23,"Nick Hurran",,
7,tt0436992,2022-03-29,2022-03-29,,"Doctor Who","Doctor Who",https://www.imdb.com/title/tt0436992/,TV Series,8.5,45,2005,"Adventure, Drama, Sci-Fi",264045,2006-03-17,,5,2025-03-11
8,tt0562992,2022-03-29,2022-03-29,,"Doctor Who: Rose","Doctor Who: Rose",https://www.imdb.com/title/tt0562992/,TV Episode,7.5,45,2005,"Adventure, Drama, Sci-Fi",12248,2006-03-17,"Keith Boak",,
9,tt0562997,2022-03-29,2022-03-29,,"Doctor Who: The End of the World","Doctor Who: The End of the World",https://www.imdb.com/title/tt0562997/,TV Episode,7.5,45,2005,"Adventure, Drama, Sci-Fi",10794,2006-03-17,"Euros Lyn",,
10,tt0563001,2022-03-29,2022-03-29,,"Doctor Who: The Unquiet Dead","Doctor Who: The Unquiet Dead",https://www.imdb.com/title/tt0563001/,TV Episode,7.4,45,2005,"Adventure, Drama, Sci-Fi",10081,2006-03-24,"Euros Lyn",,
11,tt0562985,2022-03-29,2022-03-29,,"Doctor Who: Aliens of London","Doctor Who: Aliens of London",https://www.imdb.com/title/tt0562985/,TV Episode,6.9,45,2005,"Adventure, Drama, Sci-Fi",9782,2006-03-31,"Keith Boak",,
12,tt0563003,2022-03-29,2022-03-29,,"Doctor Who: World War Three","Doctor Who: World War Three",https://www.imdb.com/title/tt0563003/,TV Episode,6.9,45,2005,"Adventure, Drama, Sci-Fi",9484,2006-04-07,"Keith Boak",,
13,tt0562988,2022-03-29,2022-03-29,,"Doctor Who: Dalek","Doctor Who: Dalek",https://www.imdb.com/title/tt0562988/,TV Episode,8.6,45,2005,"Adventure, Drama, Sci-Fi",10737,2006-04-14,"Joe Ahearne",,
14,tt0562999,2022-03-29,2022-03-29,,"Doctor Who: The Long Game","Doctor Who: The Long Game",https://www.imdb.com/title/tt0562999/,TV Episode,7.0,45,2005,"Adventure, Drama, Sci-Fi",9329,2006-04-21,"Brian Grant",,
15,tt0562989,2022-03-29,2022-03-29,,"Doctor Who: Father's Day","Doctor Who: Father's Day",https://www.imdb.com/title/tt0562989/,TV Episode,8.3,45,2005,"Adventure, Drama, Sci-Fi",10184,2006-04-28,"Joe Ahearne",,
16,tt0562996,2022-03-29,2022-03-29,,"Doctor Who: The Empty Child","Doctor Who: The Empty Child",https://www.imdb.com/title/tt0562996/,TV Episode,9.0,45,2005,"Adventure, Drama, Sci-Fi",12043,2006-05-05,"James Hawes",,
17,tt0562995,2022-03-29,2022-03-29,,"Doctor Who: The Doctor Dances","Doctor Who: The Doctor Dances",https://www.imdb.com/title/tt0562995/,TV Episode,9.1,45,2005,"Adventure, Drama, Sci-Fi",11189,2006-05-12,"James Hawes",,
18,tt0562987,2022-03-29,2022-03-29,,"Doctor Who: Boom Town","Doctor Who: Boom Town",https://www.imdb.com/title/tt0562987/,TV Episode,7.1,45,2005,"Adventure, Drama, Sci-Fi",8923,2006-05-19,"Joe Ahearne",,
19,tt0562986,2022-03-29,2022-03-29,,"Doctor Who: Bad Wolf","Doctor Who: Bad Wolf",https://www.imdb.com/title/tt0562986/,TV Episode,8.6,45,2005,"Adventure, Drama, Sci-Fi",9971,2006-06-02,"Joe Ahearne",,
20,tt0563000,2022-03-29,2022-03-29,,"Doctor Who: The Parting of the Ways","Doctor Who: The Parting of the Ways",https://www.imdb.com/title/tt0563000/,TV Episode,9.0,45,2005,"Adventure, Drama, Sci-Fi",10622,2006-06-09,"Joe Ahearne",,
21,tt3881932,2022-03-29,2022-03-29,,"Doctor Who: Children in Need Special","Doctor Who: Children in Need Special",https://www.imdb.com/title/tt3881932/,Video,7.7,7,2005,"Short, Sci-Fi",613,2005-11-18,"Euros Lyn",,
22,tt0562994,2022-03-29,2022-03-29,,"Doctor Who: The Christmas Invasion","Doctor Who: The Christmas Invasion",https://www.imdb.com/title/tt0562994/,TV Episode,8.0,60,2005,"Adventure, Drama, Sci-Fi",9863,2006-09-29,"James Hawes",,
23,tt0777210,2022-03-29,2022-03-29,,"Doctor Who: Attack of the Graske","Doctor Who: Attack of the Graske",https://www.imdb.com/title/tt0777210/,Video Game,6.5,14,2005,"Adventure, Sci-Fi",254,2005-12-25,"Ashley Way",,
24,tt0897331,2022-03-29,2022-03-29,,"Tardisodes","Tardisodes",https://www.imdb.com/title/tt0897331/,TV Series,7.1,1,2006,"Short, Drama, Sci-Fi",274,2006-04-01,,,
25,tt0908891,2022-03-29,2022-03-29,,"Tardisodes: Prelude to New Earth","Tardisodes: Prelude to New Earth",https://www.imdb.com/title/tt0908891/,TV Episode,6.4,1,2006,"Short, Drama, Sci-Fi",57,2006-04-01,"Ashley Way",,
26,tt0562990,2022-03-29,2022-03-29,,"Doctor Who: New Earth","Doctor Who: New Earth",https://www.imdb.com/title/tt0562990/,TV Episode,7.3,45,2006,"Adventure, Drama, Sci-Fi",9322,2006-09-29,"James Hawes",,
27,tt0908895,2022-03-29,2022-03-29,,"Tardisodes: Prelude to Tooth and Claw","Tardisodes: Prelude to Tooth and Claw",https://www.imdb.com/title/tt0908895/,TV Episode,6.4,1,2006,"Short, Drama, Sci-Fi",54,2006-04-08,"Ashley Way",,
28,tt0563002,2022-03-29,2022-03-29,,"Doctor Who: Tooth and Claw","Doctor Who: Tooth and Claw",https://www.imdb.com/title/tt0563002/,TV Episode,7.6,45,2006,"Adventure, Drama, Sci-Fi",9335,2006-10-06,"Euros Lyn",,
29,tt0908893,2022-03-29,2022-03-29,,"Tardisodes: Prelude to School Reunion","Tardisodes: Prelude to School Reunion",https://www.imdb.com/title/tt0908893/,TV Episode,6.5,1,2006,"Short, Drama, Sci-Fi",54,2006-04-15,"Ashley Way",,
30,tt0562993,2022-03-29,2022-03-29,,"Doctor Who: School Reunion","Doctor Who: School Reunion",https://www.imdb.com/title/tt0562993/,TV Episode,8.2,45,2006,"Adventure, Drama, Sci-Fi",9881,2006-10-13,"James Hawes",,
31,tt0908894,2022-03-29,2022-03-29,,"Tardisodes: Prelude to the Girl in the Fireplace","Tardisodes: Prelude to the Girl in the Fireplace",https://www.imdb.com/title/tt0908894/,TV Episode,6.9,1,2006,"Short, Drama, Sci-Fi",55,2006-04-22,"Ashley Way",,
32,tt0562998,2022-03-29,2022-03-29,,"Doctor Who: The Girl in the Fireplace","Doctor Who: The Girl in the Fireplace",https://www.imdb.com/title/tt0562998/,TV Episode,9.2,45,2006,"Adventure, Drama, Sci-Fi",14493,2006-10-20,"Euros Lyn",,
33,tt0908892,2022-03-29,2022-03-29,,"Tardisodes: Prelude to Rise of the Cybermen","Tardisodes: Prelude to Rise of the Cybermen",https://www.imdb.com/title/tt0908892/,TV Episode,6.5,1,2006,"Short, Drama, Sci-Fi",56,2006-04-29,"Ashley Way",,
34,tt0562991,2022-03-29,2022-03-29,,"Doctor Who: Rise of the Cybermen","Doctor Who: Rise of the Cybermen",https://www.imdb.com/title/tt0562991/,TV Episode,7.7,45,2006,"Adventure, Drama, Sci-Fi",8841,2006-10-27,"Graeme Harper",,
35,tt0912306,2022-03-29,2022-03-29,,"Tardisodes: Prelude to the Age of Steel","Tardisodes: Prelude to the Age of Steel",https://www.imdb.com/title/tt0912306/,TV Episode,6.4,1,2006,"Short, Drama, Sci-Fi",56,2006-05-06,"Ashley Way",,
36,tt0756447,2022-03-29,2022-03-29,,"Doctor Who: The Age of Steel","Doctor Who: The Age of Steel",https://www.imdb.com/title/tt0756447/,TV Episode,7.8,45,2006,"Adventure, Drama, Sci-Fi",8755,2006-11-03,"Graeme Harper",,
37,tt0912307,2022-03-29,2022-03-29,,"Tardisodes: Prelude to the Idiot's Lantern","Tardisodes: Prelude to the Idiot's Lantern",https://www.imdb.com/title/tt0912307/,TV Episode,6.5,1,2006,"Short, Drama, Sci-Fi",54,2006-05-13,"Ashley Way",,
38,tt0756451,2022-03-29,2022-03-29,,"Doctor Who: The Idiot's Lantern","Doctor Who: The Idiot's Lantern",https://www.imdb.com/title/tt0756451/,TV Episode,6.6,45,2006,"Adventure, Drama, Sci-Fi",8869,2006-11-10,"Euros Lyn",,
39,tt0912308,2022-03-29,2022-03-29,,"Tardisodes: Prelude to the Impossible Planet","Tardisodes: Prelude to the Impossible Planet",https://www.imdb.com/title/tt0912308/,TV Episode,6.6,1,2006,"Short, Drama, Sci-Fi",56,2006-05-20,"Ashley Way",,
40,tt0772457,2022-03-29,2022-03-29,,"Doctor Who: The Impossible Planet","Doctor Who: The Impossible Planet",https://www.imdb.com/title/tt0772457/,TV Episode,8.6,45,2006,"Adventure, Drama, Sci-Fi",9897,2006-11-17,"James Strong",,
41,tt0913892,2022-03-29,2022-03-29,,"Tardisodes: Prelude to the Satan Pit","Tardisodes: Prelude to the Satan Pit",https://www.imdb.com/title/tt0913892/,TV Episode,6.6,1,2006,"Short, Drama, Sci-Fi",55,2006-05-27,"Ashley Way",,
42,tt0756448,2022-03-29,2022-03-29,,"Doctor Who: The Satan Pit","Doctor Who: The Satan Pit",https://www.imdb.com/title/tt0756448/,TV Episode,8.7,45,2006,"Adventure, Drama, Sci-Fi",10094,2006-12-01,"James Strong",,
43,tt0913891,2022-03-29,2022-03-29,,"Tardisodes: Prelude to Love & Monsters","Tardisodes: Prelude to Love & Monsters",https://www.imdb.com/title/tt0913891/,TV Episode,6.2,1,2006,"Short, Drama, Sci-Fi",55,2006-06-03,"Ashley Way",,
44,tt0766171,2022-03-29,2022-03-29,,"Doctor Who: Love & Monsters","Doctor Who: Love & Monsters",https://www.imdb.com/title/tt0766171/,TV Episode,6.1,45,2006,"Adventure, Drama, Sci-Fi",10161,2006-12-08,"Dan Zeff",,
45,tt0913890,2022-03-29,2022-03-29,,"Tardisodes: Prelude to Fear Her","Tardisodes: Prelude to Fear Her",https://www.imdb.com/title/tt0913890/,TV Episode,6.4,1,2006,"Short, Drama, Sci-Fi",54,2006-06-10,"Ashley Way",,
46,tt0756446,2022-03-29,2022-03-29,,"Doctor Who: Fear Her","Doctor Who: Fear Her",https://www.imdb.com/title/tt0756446/,TV Episode,5.8,45,2006,"Adventure, Drama, Sci-Fi",9112,2006-12-15,"Euros Lyn",,
47,tt0913888,2022-03-29,2022-03-29,,"Tardisodes: Prelude to Army of Ghosts","Tardisodes: Prelude to Army of Ghosts",https://www.imdb.com/title/tt0913888/,TV Episode,6.7,1,2006,"Short, Drama, Sci-Fi",54,2006-06-17,"Ashley Way",,
48,tt0756449,2022-03-29,2022-03-29,,"Doctor Who: Army of Ghosts","Doctor Who: Army of Ghosts",https://www.imdb.com/title/tt0756449/,TV Episode,8.4,45,2006,"Adventure, Drama, Sci-Fi",9041,2006-12-22,"Graeme Harper",,
49,tt0913889,2022-03-29,2022-03-29,,"Tardisodes: Prelude to Doomsday","Tardisodes: Prelude to Doomsday",https://www.imdb.com/title/tt0913889/,TV Episode,6.8,1,2006,"Short, Drama, Sci-Fi",53,2006-06-24,"Ashley Way",,
50,tt0756450,2022-03-29,2022-03-29,,"Doctor Who: Doomsday","Doctor Who: Doomsday",https://www.imdb.com/title/tt0756450/,TV Episode,9.2,45,2006,"Adventure, Drama, Sci-Fi",11788,2006-12-22,"Graeme Harper",,
51,tt0485301,2022-03-29,2022-03-29,,"Torchwood","Torchwood",https://www.imdb.com/title/tt0485301/,TV Series,7.7,50,2006,"Action, Drama, Horror, Mystery, Sci-Fi, Thriller",45942,2006-10-22,,,
52,tt0772650,2022-03-29,2022-03-29,,"Torchwood: Everything Changes","Torchwood: Everything Changes",https://www.imdb.com/title/tt0772650/,TV Episode,7.5,50,2006,"Action, Drama, Horror, Mystery, Sci-Fi, Thriller",2051,2006-10-22,"Brian Kelly",,
53,tt0852919,2022-03-29,2022-03-29,,"Torchwood: Day One","Torchwood: Day One",https://www.imdb.com/title/tt0852919/,TV Episode,6.6,50,2006,"Action, Drama, Horror, Mystery, Sci-Fi, Thriller",1836,2006-10-22,"Brian Kelly",,
54,tt0852920,2022-03-29,2022-03-29,,"Torchwood: Ghost Machine","Torchwood: Ghost Machine",https://www.imdb.com/title/tt0852920/,TV Episode,7.4,50,2006,"Action, Drama, Horror, Mystery, Sci-Fi, Thriller",1689,2006-10-29,"Colin Teague",,
55,tt0852921,2022-03-29,2022-03-29,,"Torchwood: Cyberwoman","Torchwood: Cyberwoman",https://www.imdb.com/title/tt0852921/,TV Episode,6.1,50,2006,"Action, Drama, Horror, Mystery, Sci-Fi, Thriller",1780,2006-11-05,"James Strong",,
56,tt0881831,2022-03-29,2022-03-29,,"Torchwood: Small Worlds","Torchwood: Small Worlds",https://www.imdb.com/title/tt0881831/,TV Episode,7.0,50,2006,"Action, Drama, Horror, Mystery, Sci-Fi, Thriller",1581,2006-11-12,"Alice Troughton",,
57,tt0887098,2022-03-29,2022-03-29,,"Torchwood: Countrycide","Torchwood: Countrycide",https://www.imdb.com/title/tt0887098/,TV Episode,7.6,47,2006,"Action, Drama, Horror, Mystery, Sci-Fi, Thriller",1766,2006-11-19,"Andy Goddard",,
58,tt0852918,2022-03-29,2022-03-29,,"Torchwood: Greeks Bearing Gifts","Torchwood: Greeks Bearing Gifts",https://www.imdb.com/title/tt0852918/,TV Episode,7.2,50,2006,"Action, Drama, Horror, Mystery, Sci-Fi, Thriller",1528,2006-11-26,"Colin Teague",,
59,tt0887099,2022-03-29,2022-03-29,,"Torchwood: They Keep Killing Suzie","Torchwood: They Keep Killing Suzie",https://www.imdb.com/title/tt0887099/,TV Episode,7.7,50,2006,"Action, Drama, Horror, Mystery, Sci-Fi, Thriller",1525,2006-12-03,"James Strong",,
60,tt0898059,2022-03-29,2022-03-29,,"Torchwood: Random Shoes","Torchwood: Random Shoes",https://www.imdb.com/title/tt0898059/,TV Episode,7.7,50,2006,"Action, Drama, Horror, Mystery, Sci-Fi, Thriller",1657,2006-12-10,"James Erskine",,
61,tt0898831,2022-03-29,2022-03-29,,"Torchwood: Out of Time","Torchwood: Out of Time",https://www.imdb.com/title/tt0898831/,TV Episode,8.2,50,2006,"Action, Drama, Horror, Mystery, Sci-Fi, Thriller",1641,2006-12-17,"Alice Troughton",,
62,tt0918317,2022-03-29,2022-03-29,,"Torchwood: Combat","Torchwood: Combat",https://www.imdb.com/title/tt0918317/,TV Episode,6.9,50,2006,"Action, Drama, Horror, Mystery, Sci-Fi, Thriller",1347,2006-12-24,"Andy Goddard",,
63,tt0898830,2022-03-29,2022-03-29,,"Torchwood: Captain Jack Harkness","Torchwood: Captain Jack Harkness",https://www.imdb.com/title/tt0898830/,TV Episode,8.3,50,2007,"Action, Drama, Horror, Mystery, Sci-Fi, Thriller",1704,2007-01-01,"Ashley Way",,
64,tt0912349,2022-03-29,2022-03-29,,"Torchwood: End of Days","Torchwood: End of Days",https://www.imdb.com/title/tt0912349/,TV Episode,7.7,50,2007,"Action, Drama, Horror, Mystery, Sci-Fi, Thriller",1434,2007-01-01,"Ashley Way",,
65,tt0827573,2022-03-29,2022-03-29,,"Doctor Who: The Runaway Bride","Doctor Who: The Runaway Bride",https://www.imdb.com/title/tt0827573/,TV Episode,7.6,60,2006,"Adventure, Drama, Sci-Fi",9285,2007-07-06,"Euros Lyn",,
66,tt0862620,2022-03-29,2022-03-29,,"The Sarah Jane Adventures","The Sarah Jane Adventures",https://www.imdb.com/title/tt0862620/,TV Series,7.5,30,2007,"Action, Adventure, Drama, Family, Sci-Fi",7323,2008-04-11,,,
67,tt0917935,2022-03-29,2022-03-29,,"The Sarah Jane Adventures: Invasion of the Bane","The Sarah Jane Adventures: Invasion of the Bane",https://www.imdb.com/title/tt0917935/,TV Episode,7.2,60,2007,"Action, Adventure, Drama, Family, Sci-Fi",614,2008-04-11,"Colin Teague",,
68,tt0974728,2022-03-29,2022-03-29,,"Doctor Who: Smith and Jones","Doctor Who: Smith and Jones",https://www.imdb.com/title/tt0974728/,TV Episode,7.9,45,2007,"Adventure, Drama, Sci-Fi",8995,2007-07-06,"Charlie Palmer",,
69,tt0974729,2022-03-29,2022-03-29,,"Doctor Who: The Shakespeare Code","Doctor Who: The Shakespeare Code",https://www.imdb.com/title/tt0974729/,TV Episode,7.5,45,2007,"Adventure, Drama, Sci-Fi",8951,2007-07-13,"Charlie Palmer",,
70,tt1000253,2022-03-29,2022-03-29,,"Doctor Who: Gridlock","Doctor Who: Gridlock",https://www.imdb.com/title/tt1000253/,TV Episode,8.0,45,2007,"Adventure, Drama, Sci-Fi",9205,2007-07-20,"Richard Clark",,
71,tt0993186,2022-03-29,2022-03-29,,"Doctor Who: Daleks in Manhattan","Doctor Who: Daleks in Manhattan",https://www.imdb.com/title/tt0993186/,TV Episode,7.0,45,2007,"Adventure, Drama, Sci-Fi",8442,2007-07-27,"James Strong",,
72,tt0996572,2022-03-29,2022-03-29,,"Doctor Who: Evolution of the Daleks","Doctor Who: Evolution of the Daleks",https://www.imdb.com/title/tt0996572/,TV Episode,6.9,45,2007,"Adventure, Drama, Sci-Fi",8409,2007-08-03,"James Strong",,
73,tt1064739,2022-03-29,2022-03-29,,"Doctor Who: The Infinite Quest","Doctor Who: The Infinite Quest",https://www.imdb.com/title/tt1064739/,TV Series,6.4,45,2007,"Animation, Adventure, Sci-Fi",1131,2007-04-02,,,
74,tt1000257,2022-03-29,2022-03-29,,"Doctor Who: The Lazarus Experiment","Doctor Who: The Lazarus Experiment",https://www.imdb.com/title/tt1000257/,TV Episode,6.5,45,2007,"Adventure, Drama, Sci-Fi",8418,2007-08-10,"Richard Clark",,
75,tt1000251,2022-03-29,2022-03-29,,"Doctor Who: 42","Doctor Who: 42",https://www.imdb.com/title/tt1000251/,TV Episode,7.2,45,2007,"Adventure, Drama, Sci-Fi",8245,2007-08-17,"Graeme Harper",,
76,tt1000254,2022-03-29,2022-03-29,,"Doctor Who: Human Nature","Doctor Who: Human Nature",https://www.imdb.com/title/tt1000254/,TV Episode,8.9,45,2007,"Adventure, Drama, Sci-Fi",10464,2007-08-24,"Charlie Palmer",,
77,tt1000256,2022-03-29,2022-03-29,,"Doctor Who: The Family of Blood","Doctor Who: The Family of Blood",https://www.imdb.com/title/tt1000256/,TV Episode,9.2,45,2007,"Adventure, Drama, Sci-Fi",11467,2007-09-07,"Charlie Palmer",,
78,tt1000252,2022-03-29,2022-03-29,,"Doctor Who: Blink","Doctor Who: Blink",https://www.imdb.com/title/tt1000252/,TV Episode,9.8,45,2007,"Adventure, Drama, Sci-Fi",28530,2007-09-14,"Hettie Macdonald",,
79,tt1000259,2022-03-29,2022-03-29,,"Doctor Who: Utopia","Doctor Who: Utopia",https://www.imdb.com/title/tt1000259/,TV Episode,8.7,45,2007,"Adventure, Drama, Sci-Fi",9394,2007-09-21,"Graeme Harper",,
80,tt1000258,2022-03-29,2022-03-29,,"Doctor Who: The Sound of Drums","Doctor Who: The Sound of Drums",https://www.imdb.com/title/tt1000258/,TV Episode,8.7,45,2007,"Adventure, Drama, Sci-Fi",9417,2007-09-28,"Colin Teague",,
81,tt1000255,2022-03-29,2022-03-29,,"Doctor Who: Last of the Time Lords","Doctor Who: Last of the Time Lords",https://www.imdb.com/title/tt1000255/,TV Episode,8.3,50,2007,"Adventure, Drama, Sci-Fi",9641,2007-10-05,"Colin Teague, Graeme Harper",,
82,tt1129418,2022-03-29,2022-03-29,,"Doctor Who: Time Crash","Doctor Who: Time Crash",https://www.imdb.com/title/tt1129418/,Video,8.4,8,2007,"Short, Sci-Fi",3575,2007-11-16,"Graeme Harper",,
83,tt1030453,2022-03-29,2022-03-29,,"The Sarah Jane Adventures: Revenge of the Slitheen: Part One","The Sarah Jane Adventures: Revenge of the Slitheen: Part One",https://www.imdb.com/title/tt1030453/,TV Episode,6.9,27,2007,"Action, Adventure, Drama, Family, Sci-Fi",519,2007-09-24,"Alice Troughton",,
84,tt1030455,2022-03-29,2022-03-29,,"The Sarah Jane Adventures: Revenge of the Slitheen: Part Two","The Sarah Jane Adventures: Revenge of the Slitheen: Part Two",https://www.imdb.com/title/tt1030455/,TV Episode,6.9,28,2007,"Action, Adventure, Drama, Family, Sci-Fi",496,2007-09-24,"Alice Troughton",,
85,tt1030456,2022-03-29,2022-03-29,,"The Sarah Jane Adventures: Eye of the Gorgon: Part One","The Sarah Jane Adventures: Eye of the Gorgon: Part One",https://www.imdb.com/title/tt1030456/,TV Episode,7.3,28,2007,"Action, Adventure, Drama, Family, Sci-Fi",480,2007-10-01,"Alice Troughton",,
86,tt1030457,2022-03-29,2022-03-29,,"The Sarah Jane Adventures: Eye of the Gorgon: Part Two","The Sarah Jane Adventures: Eye of the Gorgon: Part Two",https://www.imdb.com/title/tt1030457/,TV Episode,7.4,28,2007,"Action, Adventure, Drama, Family, Sci-Fi",465,2007-10-08,"Alice Troughton",,
87,tt1030458,2022-03-29,2022-03-29,,"The Sarah Jane Adventures: Warriors of Kudlak: Part One","The Sarah Jane Adventures: Warriors of Kudlak: Part One",https://www.imdb.com/title/tt1030458/,TV Episode,7.0,27,2007,"Action, Adventure, Drama, Family, Sci-Fi",447,2007-10-15,"Charles Martin",,
88,tt1030459,2022-03-29,2022-03-29,,"The Sarah Jane Adventures: Warriors of Kudlak: Part Two","The Sarah Jane Adventures: Warriors of Kudlak: Part Two",https://www.imdb.com/title/tt1030459/,TV Episode,7.2,29,2007,"Action, Adventure, Drama, Family, Sci-Fi",434,2007-10-22,"Charles Martin",,
89,tt1030460,2022-03-29,2022-03-29,,"The Sarah Jane Adventures: Whatever Happened to Sarah Jane?: Part One","The Sarah Jane Adventures: Whatever Happened to Sarah Jane?: Part One",https://www.imdb.com/title/tt1030460/,TV Episode,8.5,28,2007,"Action, Adventure, Drama, Family, Sci-Fi",494,2007-10-29,"Graeme Harper",,
90,tt1030461,2022-03-29,2022-03-29,,"The Sarah Jane Adventures: Whatever Happened to Sarah Jane?: Part Two","The Sarah Jane Adventures: Whatever Happened to Sarah Jane?: Part Two",https://www.imdb.com/title/tt1030461/,TV Episode,8.7,29,2007,"Action, Adventure, Drama, Family, Sci-Fi",486,2007-11-05,"Graeme Harper",,
91,tt1030462,2022-03-29,2022-03-29,,"The Sarah Jane Adventures: The Lost Boy: Part One","The Sarah Jane Adventures: The Lost Boy: Part One",https://www.imdb.com/title/tt1030462/,TV Episode,8.0,28,2007,"Action, Adventure, Drama, Family, Sci-Fi",427,2007-11-12,"Charles Martin",,
92,tt1030454,2022-03-29,2022-03-29,,"The Sarah Jane Adventures: The Lost Boy: Part Two","The Sarah Jane Adventures: The Lost Boy: Part Two",https://www.imdb.com/title/tt1030454/,TV Episode,7.9,28,2007,"Action, Adventure, Drama, Family, Sci-Fi",425,2007-11-19,"Charles Martin",,
93,tt1061123,2022-03-29,2022-03-29,,"Doctor Who: Voyage of the Damned","Doctor Who: Voyage of the Damned",https://www.imdb.com/title/tt1061123/,TV Episode,7.6,71,2007,"Adventure, Drama, Sci-Fi",9098,2008-04-18,"James Strong",,
94,tt1153680,2022-03-29,2022-03-29,,"Torchwood: Kiss Kiss, Bang Bang","Torchwood: Kiss Kiss, Bang Bang",https://www.imdb.com/title/tt1153680/,TV Episode,7.9,50,2008,"Action, Drama, Horror, Mystery, Sci-Fi, Thriller",1543,2008-01-26,"Ashley Way",,
95,tt1160003,2022-03-29,2022-03-29,,"Torchwood: Sleeper","Torchwood: Sleeper",https://www.imdb.com/title/tt1160003/,TV Episode,7.4,50,2008,"Action, Drama, Horror, Mystery, Sci-Fi, Thriller",1285,2008-01-23,"Colin Teague",,
96,tt1160284,2022-03-29,2022-03-29,,"Torchwood: To the Last Man","Torchwood: To the Last Man",https://www.imdb.com/title/tt1160284/,TV Episode,7.7,50,2008,"Action, Drama, Horror, Mystery, Sci-Fi, Thriller",1292,2008-01-30,"Andy Goddard",,
97,tt1160285,2022-03-29,2022-03-29,,"Torchwood: Meat","Torchwood: Meat",https://www.imdb.com/title/tt1160285/,TV Episode,7.5,50,2008,"Action, Drama, Horror, Mystery, Sci-Fi, Thriller",1255,2008-02-06,"Colin Teague",,
98,tt1160001,2022-03-29,2022-03-29,,"Torchwood: Adam","Torchwood: Adam",https://www.imdb.com/title/tt1160001/,TV Episode,7.9,50,2008,"Action, Drama, Horror, Mystery, Sci-Fi, Thriller",1319,2008-02-13,"Andy Goddard",,
99,tt1160002,2022-03-29,2022-03-29,,"Torchwood: Reset","Torchwood: Reset",https://www.imdb.com/title/tt1160002/,TV Episode,7.9,50,2008,"Action, Drama, Horror, Mystery, Sci-Fi, Thriller",1254,2008-02-13,"Ashley Way",,
100,tt1186346,2022-03-29,2022-03-29,,"Torchwood: Dead Man Walking","Torchwood: Dead Man Walking",https://www.imdb.com/title/tt1186346/,TV Episode,7.7,50,2008,"Action, Drama, Horror, Mystery, Sci-Fi, Thriller",1243,2008-02-20,"Andy Goddard",,
101,tt1186345,2022-03-29,2022-03-29,,"Torchwood: A Day in the Death","Torchwood: A Day in the Death",https://www.imdb.com/title/tt1186345/,TV Episode,7.9,50,2008,"Action, Drama, Horror, Mystery, Sci-Fi, Thriller",1249,2008-02-27,"Andy Goddard",,
102,tt1186347,2022-03-29,2022-03-29,,"Torchwood: Something Borrowed","Torchwood: Something Borrowed",https://www.imdb.com/title/tt1186347/,TV Episode,7.6,50,2008,"Action, Drama, Horror, Mystery, Sci-Fi, Thriller",1208,2008-03-05,"Ashley Way",,
103,tt1190503,2022-03-29,2022-03-29,,"Torchwood: From Out of the Rain","Torchwood: From Out of the Rain",https://www.imdb.com/title/tt1190503/,TV Episode,6.8,50,2008,"Action, Drama, Horror, Mystery, Sci-Fi, Thriller",1209,2008-03-12,"Jonathan Fox Bassett",,
104,tt1190500,2022-03-29,2022-03-29,,"Torchwood: Adrift","Torchwood: Adrift",https://www.imdb.com/title/tt1190500/,TV Episode,8.1,50,2008,"Action, Drama, Horror, Mystery, Sci-Fi, Thriller",1258,2008-03-19,"Mark Everest",,
105,tt1190502,2022-03-29,2022-03-29,,"Torchwood: Fragments","Torchwood: Fragments",https://www.imdb.com/title/tt1190502/,TV Episode,8.4,50,2008,"Action, Drama, Horror, Mystery, Sci-Fi, Thriller",1256,2008-03-21,"Jonathan Fox Bassett",,
106,tt1190501,2022-03-29,2022-03-29,,"Torchwood: Exit Wounds","Torchwood: Exit Wounds",https://www.imdb.com/title/tt1190501/,TV Episode,8.7,50,2008,"Action, Drama, Horror, Mystery, Sci-Fi, Thriller",1369,2008-04-04,"Ashley Way",,
107,tt1159991,2022-03-29,2022-03-29,,"Doctor Who: Partners in Crime","Doctor Who: Partners in Crime",https://www.imdb.com/title/tt1159991/,TV Episode,7.7,48,2008,"Adventure, Drama, Sci-Fi",8833,2008-04-25,"James Strong",,
108,tt1173173,2022-03-29,2022-03-29,,"Doctor Who: The Fires of Pompeii","Doctor Who: The Fires of Pompeii",https://www.imdb.com/title/tt1173173/,TV Episode,8.0,45,2008,"Adventure, Drama, Sci-Fi",9058,2008-05-02,"Colin Teague",,
109,tt1173174,2022-03-29,2022-03-29,,"Doctor Who: Planet of the Ood","Doctor Who: Planet of the Ood",https://www.imdb.com/title/tt1173174/,TV Episode,8.0,48,2008,"Adventure, Drama, Sci-Fi",8662,2008-05-09,"Graeme Harper",,
110,tt1159992,2022-03-29,2022-03-29,,"Doctor Who: The Sontaran Stratagem","Doctor Who: The Sontaran Stratagem",https://www.imdb.com/title/tt1159992/,TV Episode,7.4,45,2008,"Adventure, Drama, Sci-Fi",7872,2008-05-16,"Douglas Mackinnon",,
111,tt1208127,2022-03-29,2022-03-29,,"Doctor Who: The Poison Sky","Doctor Who: The Poison Sky",https://www.imdb.com/title/tt1208127/,TV Episode,7.5,45,2008,"Adventure, Drama, Sci-Fi",7799,2008-05-30,"Douglas Mackinnon",,
112,tt1205439,2022-03-29,2022-03-29,,"Doctor Who: The Doctor's Daughter","Doctor Who: The Doctor's Daughter",https://www.imdb.com/title/tt1205439/,TV Episode,7.5,45,2008,"Adventure, Drama, Sci-Fi",8639,2008-06-06,"Alice Troughton",,
113,tt1208130,2022-03-29,2022-03-29,,"Doctor Who: The Unicorn and the Wasp","Doctor Who: The Unicorn and the Wasp",https://www.imdb.com/title/tt1208130/,TV Episode,7.7,45,2008,"Adventure, Drama, Sci-Fi",8536,2008-06-13,"Graeme Harper",,
114,tt1208129,2022-03-29,2022-03-29,,"Doctor Who: Silence in the Library","Doctor Who: Silence in the Library",https://www.imdb.com/title/tt1208129/,TV Episode,9.3,43,2008,"Adventure, Drama, Sci-Fi",12357,2008-06-20,"Euros Lyn",,
115,tt1205440,2022-03-29,2022-03-29,,"Doctor Who: Forest of the Dead","Doctor Who: Forest of the Dead",https://www.imdb.com/title/tt1205440/,TV Episode,9.4,45,2008,"Adventure, Drama, Sci-Fi",12661,2008-06-27,"Euros Lyn",,
116,tt1208128,2022-03-29,2022-03-29,,"Doctor Who: Midnight","Doctor Who: Midnight",https://www.imdb.com/title/tt1208128/,TV Episode,9.1,45,2008,"Adventure, Drama, Sci-Fi",11733,2008-07-11,"Alice Troughton",,
117,tt1205436,2022-03-29,2022-03-29,,"Doctor Who: Turn Left","Doctor Who: Turn Left",https://www.imdb.com/title/tt1205436/,TV Episode,8.9,49,2008,"Adventure, Drama, Sci-Fi",9971,2008-07-18,"Graeme Harper",,
118,tt1205437,2022-03-29,2022-03-29,,"Doctor Who: The Stolen Earth","Doctor Who: The Stolen Earth",https://www.imdb.com/title/tt1205437/,TV Episode,9.1,45,2008,"Adventure, Drama, Sci-Fi",9662,2008-07-25,"Graeme Harper",,
119,tt1205438,2022-03-29,2022-03-29,,"Doctor Who: Journey's End","Doctor Who: Journey's End",https://www.imdb.com/title/tt1205438/,TV Episode,9.2,63,2008,"Adventure, Drama, Sci-Fi",10972,2008-08-01,"Graeme Harper",,
120,tt1270263,2022-03-29,2022-03-29,,"Doctor Who: Music of the Spheres","Doctor Who: Music of the Spheres",https://www.imdb.com/title/tt1270263/,TV Short,7.2,7,2008,"Short, Sci-Fi",908,2008-07-27,"Euros Lyn",,
121,tt1285089,2022-03-29,2022-03-29,,"The Sarah Jane Adventures: The Last Sontaran: Part One","The Sarah Jane Adventures: The Last Sontaran: Part One",https://www.imdb.com/title/tt1285089/,TV Episode,7.5,28,2008,"Action, Adventure, Drama, Family, Sci-Fi",415,2008-09-29,"Joss Agnew",,
122,tt1285090,2022-03-29,2022-03-29,,"The Sarah Jane Adventures: The Last Sontaran: Part Two","The Sarah Jane Adventures: The Last Sontaran: Part Two",https://www.imdb.com/title/tt1285090/,TV Episode,7.4,28,2008,"Action, Adventure, Drama, Family, Sci-Fi",409,2008-09-29,"Joss Agnew",,
123,tt1285083,2022-03-29,2022-03-29,,"The Sarah Jane Adventures: The Day of the Clown: Part One","The Sarah Jane Adventures: The Day of the Clown: Part One",https://www.imdb.com/title/tt1285083/,TV Episode,7.5,28,2008,"Action, Adventure, Drama, Family, Sci-Fi",411,2008-10-06,"Michael Kerrigan",,
124,tt1285084,2022-03-29,2022-03-29,,"The Sarah Jane Adventures: The Day of the Clown: Part Two","The Sarah Jane Adventures: The Day of the Clown: Part Two",https://www.imdb.com/title/tt1285084/,TV Episode,7.4,28,2008,"Action, Adventure, Drama, Family, Sci-Fi",402,2008-10-13,"Michael Kerrigan",,
125,tt1285087,2022-03-29,2022-03-29,,"The Sarah Jane Adventures: Secrets of the Stars: Part One","The Sarah Jane Adventures: Secrets of the Stars: Part One",https://www.imdb.com/title/tt1285087/,TV Episode,7.0,28,2008,"Action, Adventure, Drama, Family, Sci-Fi",384,2008-10-20,"Michael Kerrigan",,
126,tt1285088,2022-03-29,2022-03-29,,"The Sarah Jane Adventures: Secrets of the Stars: Part Two","The Sarah Jane Adventures: Secrets of the Stars: Part Two",https://www.imdb.com/title/tt1285088/,TV Episode,6.9,28,2008,"Action, Adventure, Drama, Family, Sci-Fi",378,2008-10-27,"Michael Kerrigan",,
127,tt1285091,2022-03-29,2022-03-29,,"The Sarah Jane Adventures: The Mark of the Berserker: Part One","The Sarah Jane Adventures: The Mark of the Berserker: Part One",https://www.imdb.com/title/tt1285091/,TV Episode,7.6,28,2008,"Action, Adventure, Drama, Family, Sci-Fi",375,2008-11-03,"Joss Agnew",,
128,tt1285092,2022-03-29,2022-03-29,,"The Sarah Jane Adventures: The Mark of the Berserker: Part Two","The Sarah Jane Adventures: The Mark of the Berserker: Part Two",https://www.imdb.com/title/tt1285092/,TV Episode,7.5,28,2008,"Action, Adventure, Drama, Family, Sci-Fi",379,2008-11-10,"Joss Agnew",,
129,tt1285093,2022-03-29,2022-03-29,,"The Sarah Jane Adventures: The Temptation of Sarah Jane Smith: Part One","The Sarah Jane Adventures: The Temptation of Sarah Jane Smith: Part One",https://www.imdb.com/title/tt1285093/,TV Episode,8.4,28,2008,"Action, Adventure, Drama, Family, Sci-Fi",408,2008-11-17,"Graeme Harper",,
130,tt1285094,2022-03-29,2022-03-29,,"The Sarah Jane Adventures: The Temptation of Sarah Jane Smith: Part Two","The Sarah Jane Adventures: The Temptation of Sarah Jane Smith: Part Two",https://www.imdb.com/title/tt1285094/,TV Episode,8.5,28,2008,"Action, Adventure, Drama, Family, Sci-Fi",407,2008-11-24,"Graeme Harper",,
131,tt1285085,2022-03-29,2022-03-29,,"The Sarah Jane Adventures: Enemy of the Bane: Part One","The Sarah Jane Adventures: Enemy of the Bane: Part One",https://www.imdb.com/title/tt1285085/,TV Episode,7.6,28,2008,"Action, Adventure, Drama, Family, Sci-Fi",379,2008-12-01,"Graeme Harper",,
132,tt1285086,2022-03-29,2022-03-29,,"The Sarah Jane Adventures: Enemy of the Bane: Part Two","The Sarah Jane Adventures: Enemy of the Bane: Part Two",https://www.imdb.com/title/tt1285086/,TV Episode,7.5,28,2008,"Action, Adventure, Drama, Family, Sci-Fi",367,2008-12-08,"Graeme Harper",,
133,tt1321969,2022-03-29,2022-03-29,,"Doctor Who: The Next Doctor","Doctor Who: The Next Doctor",https://www.imdb.com/title/tt1321969/,TV Episode,7.4,60,2008,"Adventure, Drama, Sci-Fi",6578,2009-06-27,"Andy Goddard",,
134,tt1705782,2022-03-29,2022-03-29,,"The Sarah Jane Adventures: From Raxacoricofallapatorius with Love","The Sarah Jane Adventures: From Raxacoricofallapatorius with Love",https://www.imdb.com/title/tt1705782/,TV Episode,6.1,5,2009,"Action, Adventure, Drama, Family, Sci-Fi",194,2009-03-13,"Joss Agnew",,
135,tt1337072,2022-03-29,2022-03-29,,"Doctor Who: Planet of the Dead","Doctor Who: Planet of the Dead",https://www.imdb.com/title/tt1337072/,TV Episode,7.4,59,2009,"Adventure, Drama, Sci-Fi",6608,2009-07-26,"James Strong",,
136,tt1288549,2022-03-29,2022-03-29,,"Torchwood: Children of Earth: Day One","Torchwood: Children of Earth: Day One",https://www.imdb.com/title/tt1288549/,TV Episode,8.9,60,2009,"Action, Drama, Horror, Mystery, Sci-Fi, Thriller",1953,2009-07-20,"Euros Lyn",,
137,tt1287276,2022-03-29,2022-03-29,,"Torchwood: Children of Earth: Day Two","Torchwood: Children of Earth: Day Two",https://www.imdb.com/title/tt1287276/,TV Episode,8.7,60,2009,"Action, Drama, Horror, Mystery, Sci-Fi, Thriller",1620,2009-07-21,"Euros Lyn",,
138,tt1287277,2022-03-29,2022-03-29,,"Torchwood: Children of Earth: Day Three","Torchwood: Children of Earth: Day Three",https://www.imdb.com/title/tt1287277/,TV Episode,8.8,60,2009,"Action, Drama, Horror, Mystery, Sci-Fi, Thriller",1585,2009-07-22,"Euros Lyn",,
139,tt1287278,2022-03-29,2022-03-29,,"Torchwood: Children of Earth: Day Four","Torchwood: Children of Earth: Day Four",https://www.imdb.com/title/tt1287278/,TV Episode,9.2,60,2009,"Action, Drama, Horror, Mystery, Sci-Fi, Thriller",1725,2009-07-23,"Euros Lyn",,
140,tt1287279,2022-03-29,2022-03-29,,"Torchwood: Children of Earth: Day Five","Torchwood: Children of Earth: Day Five",https://www.imdb.com/title/tt1287279/,TV Episode,9.1,60,2009,"Action, Drama, Horror, Mystery, Sci-Fi, Thriller",1827,2009-07-24,"Euros Lyn",,
141,tt1494933,2022-03-29,2022-03-29,,"Doctor Who: Dreamland","Doctor Who: Dreamland",https://www.imdb.com/title/tt1494933/,TV Mini Series,6.3,45,2009,"Animation, Short, Adventure, Drama, Sci-Fi",1294,2009-11-21,,,
142,tt1495599,2022-03-29,2022-03-29,,"The Sarah Jane Adventures: Prisoner of the Judoon: Part One","The Sarah Jane Adventures: Prisoner of the Judoon: Part One",https://www.imdb.com/title/tt1495599/,TV Episode,7.6,28,2009,"Action, Adventure, Drama, Family, Sci-Fi",377,2009-10-15,"Joss Agnew",,
143,tt1498157,2022-03-29,2022-03-29,,"The Sarah Jane Adventures: Prisoner of the Judoon: Part Two","The Sarah Jane Adventures: Prisoner of the Judoon: Part Two",https://www.imdb.com/title/tt1498157/,TV Episode,7.4,28,2009,"Action, Adventure, Drama, Family, Sci-Fi",367,2009-10-16,"Joss Agnew",,
144,tt1498158,2022-03-29,2022-03-29,,"The Sarah Jane Adventures: The Mad Woman in the Attic: Part One","The Sarah Jane Adventures: The Mad Woman in the Attic: Part One",https://www.imdb.com/title/tt1498158/,TV Episode,7.5,28,2009,"Action, Adventure, Drama, Family, Sci-Fi",365,2009-10-22,"Alice Troughton",,
145,tt1498159,2022-03-29,2022-03-29,,"The Sarah Jane Adventures: The Mad Woman in the Attic: Part Two","The Sarah Jane Adventures: The Mad Woman in the Attic: Part Two",https://www.imdb.com/title/tt1498159/,TV Episode,7.7,27,2009,"Action, Adventure, Drama, Family, Sci-Fi",366,2009-10-23,"Alice Troughton",,
146,tt1498160,2022-03-29,2022-03-29,,"The Sarah Jane Adventures: The Wedding of Sarah Jane Smith: Part One","The Sarah Jane Adventures: The Wedding of Sarah Jane Smith: Part One",https://www.imdb.com/title/tt1498160/,TV Episode,8.4,28,2009,"Action, Adventure, Drama, Family, Sci-Fi",472,2009-10-29,"Joss Agnew",,
147,tt1498161,2022-03-29,2022-03-29,,"The Sarah Jane Adventures: The Wedding of Sarah Jane Smith: Part Two","The Sarah Jane Adventures: The Wedding of Sarah Jane Smith: Part Two",https://www.imdb.com/title/tt1498161/,TV Episode,8.8,28,2009,"Action, Adventure, Drama, Family, Sci-Fi",481,2009-10-30,"Joss Agnew",,
148,tt1519665,2022-03-29,2022-03-29,,"The Sarah Jane Adventures: The Eternity Trap: Part One","The Sarah Jane Adventures: The Eternity Trap: Part One",https://www.imdb.com/title/tt1519665/,TV Episode,7.4,28,2009,"Action, Adventure, Drama, Family, Sci-Fi",350,2009-11-05,"Alice Troughton",,
149,tt1519666,2022-03-29,2022-03-29,,"The Sarah Jane Adventures: The Eternity Trap: Part Two","The Sarah Jane Adventures: The Eternity Trap: Part Two",https://www.imdb.com/title/tt1519666/,TV Episode,7.1,28,2009,"Action, Adventure, Drama, Family, Sci-Fi",343,2009-11-06,"Alice Troughton",,
150,tt1498155,2022-03-29,2022-03-29,,"The Sarah Jane Adventures: Mona Lisa's Revenge: Part One","The Sarah Jane Adventures: Mona Lisa's Revenge: Part One",https://www.imdb.com/title/tt1498155/,TV Episode,7.0,28,2009,"Action, Adventure, Drama, Family, Sci-Fi",359,2009-11-12,"Joss Agnew",,
151,tt1498156,2022-03-29,2022-03-29,,"The Sarah Jane Adventures: Mona Lisa's Revenge: Part Two","The Sarah Jane Adventures: Mona Lisa's Revenge: Part Two",https://www.imdb.com/title/tt1498156/,TV Episode,7.0,28,2009,"Action, Adventure, Drama, Family, Sci-Fi",346,2009-11-13,"Joss Agnew",,
152,tt1519667,2022-03-29,2022-03-29,,"The Sarah Jane Adventures: The Gift: Part One","The Sarah Jane Adventures: The Gift: Part One",https://www.imdb.com/title/tt1519667/,TV Episode,7.1,28,2009,"Action, Adventure, Drama, Family, Sci-Fi",335,2009-11-19,"Alice Troughton",,
153,tt1519668,2022-03-29,2022-03-29,,"The Sarah Jane Adventures: The Gift: Part Two","The Sarah Jane Adventures: The Gift: Part Two",https://www.imdb.com/title/tt1519668/,TV Episode,7.1,28,2009,"Action, Adventure, Drama, Family, Sci-Fi",336,2009-11-20,"Alice Troughton",,
154,tt1413314,2022-03-29,2022-03-29,,"Doctor Who: The Waters of Mars","Doctor Who: The Waters of Mars",https://www.imdb.com/title/tt1413314/,TV Episode,8.8,62,2009,"Adventure, Drama, Sci-Fi",8441,2009-12-19,"Graeme Harper",,
155,tt1415016,2022-03-29,2022-03-29,,"Doctor Who: The End of Time: Part One","Doctor Who: The End of Time: Part One",https://www.imdb.com/title/tt1415016/,TV Episode,8.3,60,2009,"Adventure, Drama, Sci-Fi",7498,2009-12-26,"Euros Lyn",,
156,tt1415017,2022-03-29,2022-03-29,,"Doctor Who: The End of Time: Part Two","Doctor Who: The End of Time: Part Two",https://www.imdb.com/title/tt1415017/,TV Episode,8.9,75,2010,"Adventure, Drama, Sci-Fi",8364,2010-01-02,"Euros Lyn",,
157,tt1577256,2022-03-29,2022-03-29,,"Doctor Who: The Eleventh Hour","Doctor Who: The Eleventh Hour",https://www.imdb.com/title/tt1577256/,TV Episode,8.8,65,2010,"Adventure, Drama, Sci-Fi",11001,2010-04-17,"Adam Smith",,
158,tt6155724,2022-03-29,2022-03-29,,"Meanwhile, in the TARDIS: Part 1","Meanwhile, in the TARDIS: Part 1",https://www.imdb.com/title/tt6155724/,Video,8.0,2,2010,"Short, Sci-Fi",308,2010-11-08,"Richard Senior",,
159,tt1577257,2022-03-29,2022-03-29,,"Doctor Who: The Beast Below","Doctor Who: The Beast Below",https://www.imdb.com/title/tt1577257/,TV Episode,7.6,42,2010,"Adventure, Drama, Sci-Fi",8668,2010-04-24,"Andrew Gunn, Euros Lyn",,
160,tt1577258,2022-03-29,2022-03-29,,"Doctor Who: Victory of the Daleks","Doctor Who: Victory of the Daleks",https://www.imdb.com/title/tt1577258/,TV Episode,6.6,42,2010,"Adventure, Drama, Sci-Fi",8357,2010-05-01,"Andrew Gunn",,
161,tt1577259,2022-03-29,2022-03-29,,"Doctor Who: The Time of Angels","Doctor Who: The Time of Angels",https://www.imdb.com/title/tt1577259/,TV Episode,8.6,42,2010,"Adventure, Drama, Sci-Fi",9375,2010-05-08,"Adam Smith",,
162,tt1589021,2022-03-29,2022-03-29,,"Doctor Who: Flesh and Stone","Doctor Who: Flesh and Stone",https://www.imdb.com/title/tt1589021/,TV Episode,8.5,43,2010,"Adventure, Drama, Sci-Fi",8728,2010-05-15,"Adam Smith",,
163,tt6155726,2022-03-29,2022-03-29,,"Meanwhile, in the TARDIS: Part 2","Meanwhile, in the TARDIS: Part 2",https://www.imdb.com/title/tt6155726/,Video,7.9,3,2010,"Short, Adventure, Sci-Fi",265,2010-11-08,"Richard Senior",,
164,tt1591787,2022-03-29,2022-03-29,,"Doctor Who: The Vampires of Venice","Doctor Who: The Vampires of Venice",https://www.imdb.com/title/tt1591787/,TV Episode,6.9,49,2010,"Adventure, Drama, Sci-Fi",8091,2010-05-22,"Jonny Campbell",,
165,tt1591788,2022-03-29,2022-03-29,,"Doctor Who: Amy's Choice","Doctor Who: Amy's Choice",https://www.imdb.com/title/tt1591788/,TV Episode,8.1,45,2010,"Adventure, Drama, Sci-Fi",8539,2010-06-05,"Catherine Morshead",,
166,tt1591789,2022-03-29,2022-03-29,,"Doctor Who: The Hungry Earth","Doctor Who: The Hungry Earth",https://www.imdb.com/title/tt1591789/,TV Episode,7.1,44,2010,"Adventure, Drama, Sci-Fi",7606,2010-06-12,"Ashley Way",,
167,tt1591790,2022-03-29,2022-03-29,,"Doctor Who: Cold Blood","Doctor Who: Cold Blood",https://www.imdb.com/title/tt1591790/,TV Episode,7.3,46,2010,"Adventure, Drama, Sci-Fi",7584,2010-06-19,"Ashley Way",,
168,tt1591786,2022-03-29,2022-03-29,,"Doctor Who: Vincent and the Doctor","Doctor Who: Vincent and the Doctor",https://www.imdb.com/title/tt1591786/,TV Episode,9.3,47,2010,"Adventure, Drama, Sci-Fi",14621,2010-06-26,"Jonny Campbell",,
169,tt1607757,2022-03-29,2022-03-29,,"Doctor Who: The Lodger","Doctor Who: The Lodger",https://www.imdb.com/title/tt1607757/,TV Episode,8.0,43,2010,"Adventure, Drama, Sci-Fi",8430,2010-07-10,"Catherine Morshead",,
170,tt1607758,2022-03-29,2022-03-29,,"Doctor Who: The Pandorica Opens","Doctor Who: The Pandorica Opens",https://www.imdb.com/title/tt1607758/,TV Episode,9.0,49,2010,"Adventure, Drama, Sci-Fi",9441,2010-07-17,"Toby Haynes",,
171,tt1607759,2022-03-29,2022-03-29,,"Doctor Who: The Big Bang","Doctor Who: The Big Bang",https://www.imdb.com/title/tt1607759/,TV Episode,9.1,54,2010,"Adventure, Drama, Sci-Fi",9665,2010-07-24,"Toby Haynes",,
172,tt3692970,2022-03-29,2022-03-29,,"Night and the Doctor","Night and the Doctor",https://www.imdb.com/title/tt3692970/,TV Mini Series,8.2,16,2011,"Short, Sci-Fi",901,2011-11-21,,,
173,tt3710634,2022-03-29,2022-03-29,,"Night and the Doctor: Bad Night","Night and the Doctor: Bad Night",https://www.imdb.com/title/tt3710634/,TV Episode,7.4,4,2011,"Short, Sci-Fi",124,2011-11-21,"Richard Senior",,
174,tt3710638,2022-03-29,2022-03-29,,"Night and the Doctor: Good Night","Night and the Doctor: Good Night",https://www.imdb.com/title/tt3710638/,TV Episode,7.9,5,2011,"Short, Sci-Fi",127,2011-11-21,"Richard Senior",,
175,tt1679508,2022-03-29,2022-03-29,,"The Sarah Jane Adventures: The Nightmare Man: Part One","The Sarah Jane Adventures: The Nightmare Man: Part One",https://www.imdb.com/title/tt1679508/,TV Episode,7.8,28,2010,"Action, Adventure, Drama, Family, Sci-Fi",360,2010-10-11,"Joss Agnew",,
176,tt1679509,2022-03-29,2022-03-29,,"The Sarah Jane Adventures: The Nightmare Man: Part Two","The Sarah Jane Adventures: The Nightmare Man: Part Two",https://www.imdb.com/title/tt1679509/,TV Episode,7.7,30,2010,"Action, Adventure, Drama, Family, Sci-Fi",350,2010-10-12,"Joss Agnew",,
177,tt1679510,2022-03-29,2022-03-29,,"The Sarah Jane Adventures: The Vault of Secrets: Part One","The Sarah Jane Adventures: The Vault of Secrets: Part One",https://www.imdb.com/title/tt1679510/,TV Episode,7.2,27,2010,"Action, Adventure, Drama, Family, Sci-Fi",327,2010-10-18,"Joss Agnew",,
178,tt1679511,2022-03-29,2022-03-29,,"The Sarah Jane Adventures: The Vault of Secrets: Part Two","The Sarah Jane Adventures: The Vault of Secrets: Part Two",https://www.imdb.com/title/tt1679511/,TV Episode,7.1,27,2010,"Action, Adventure, Drama, Family, Sci-Fi",324,2010-10-19,"Joss Agnew",,
179,tt1679512,2022-03-29,2022-03-29,,"The Sarah Jane Adventures: Death of the Doctor: Part One","The Sarah Jane Adventures: Death of the Doctor: Part One",https://www.imdb.com/title/tt1679512/,TV Episode,8.4,27,2010,"Action, Adventure, Drama, Family, Sci-Fi",445,2010-10-25,"Ashley Way",,
180,tt1679513,2022-03-29,2022-03-29,,"The Sarah Jane Adventures: Death of the Doctor: Part Two","The Sarah Jane Adventures: Death of the Doctor: Part Two",https://www.imdb.com/title/tt1679513/,TV Episode,8.7,27,2010,"Action, Adventure, Drama, Family, Sci-Fi",448,2010-10-26,"Ashley Way",,
181,tt1680656,2022-03-29,2022-03-29,,"The Sarah Jane Adventures: The Empty Planet: Part One","The Sarah Jane Adventures: The Empty Planet: Part One",https://www.imdb.com/title/tt1680656/,TV Episode,7.9,26,2010,"Action, Adventure, Drama, Family, Sci-Fi",330,2010-11-01,"Ashley Way",,
182,tt1680657,2022-03-29,2022-03-29,,"The Sarah Jane Adventures: The Empty Planet: Part Two","The Sarah Jane Adventures: The Empty Planet: Part Two",https://www.imdb.com/title/tt1680657/,TV Episode,7.7,26,2010,"Action, Adventure, Drama, Family, Sci-Fi",324,2010-11-02,"Ashley Way",,
183,tt1680658,2022-03-29,2022-03-29,,"The Sarah Jane Adventures: Lost in Time: Part One","The Sarah Jane Adventures: Lost in Time: Part One",https://www.imdb.com/title/tt1680658/,TV Episode,7.9,26,2010,"Action, Adventure, Drama, Family, Sci-Fi",333,2010-11-08,"Joss Agnew",,
184,tt1680653,2022-03-29,2022-03-29,,"The Sarah Jane Adventures: Lost in Time: Part Two","The Sarah Jane Adventures: Lost in Time: Part Two",https://www.imdb.com/title/tt1680653/,TV Episode,8.1,27,2010,"Action, Adventure, Drama, Family, Sci-Fi",321,2010-11-09,"Joss Agnew",,
185,tt1680654,2022-03-29,2022-03-29,,"The Sarah Jane Adventures: Goodbye, Sarah Jane Smith: Part One","The Sarah Jane Adventures: Goodbye, Sarah Jane Smith: Part One",https://www.imdb.com/title/tt1680654/,TV Episode,7.6,26,2010,"Action, Adventure, Drama, Family, Sci-Fi",311,2010-11-15,"Joss Agnew",,
186,tt1680655,2022-03-29,2022-03-29,,"The Sarah Jane Adventures: Goodbye, Sarah Jane Smith: Part Two","The Sarah Jane Adventures: Goodbye, Sarah Jane Smith: Part Two",https://www.imdb.com/title/tt1680655/,TV Episode,7.7,27,2010,"Action, Adventure, Drama, Family, Sci-Fi",312,2010-11-16,"Joss Agnew",,
187,tt1672218,2022-03-29,2022-03-29,,"Doctor Who: A Christmas Carol","Doctor Who: A Christmas Carol",https://www.imdb.com/title/tt1672218/,TV Episode,8.5,62,2010,"Adventure, Drama, Sci-Fi",9623,2010-12-25,"Toby Haynes",,
188,tt1861312,2022-03-29,2022-03-29,,"Doctor Who: Space and Time","Doctor Who: Space and Time",https://www.imdb.com/title/tt1861312/,TV Mini Series,8.3,8,2011,"Short, Comedy, Sci-Fi",1702,2011-03-18,,,
189,tt2911106,2022-03-29,2022-03-29,,"Doctor Who: The Prequel to the Impossible Astronaut","Doctor Who: The Prequel to the Impossible Astronaut",https://www.imdb.com/title/tt2911106/,Video,7.8,2,2005,"Short, Sci-Fi",830,2011-03-25,"Toby Haynes",,
190,tt1723888,2022-03-29,2022-03-29,,"Doctor Who: The Impossible Astronaut","Doctor Who: The Impossible Astronaut",https://www.imdb.com/title/tt1723888/,TV Episode,8.8,44,2011,"Adventure, Drama, Sci-Fi",9424,2011-04-23,"Toby Haynes",,
191,tt1723889,2022-03-29,2022-03-29,,"Doctor Who: Day of the Moon","Doctor Who: Day of the Moon",https://www.imdb.com/title/tt1723889/,TV Episode,8.8,47,2011,"Adventure, Drama, Sci-Fi",8793,2011-04-30,"Toby Haynes, Julian Simpson",,
192,tt2911108,2022-03-29,2022-03-29,,"Doctor Who: Prequel to the Curse of the Black Spot","Doctor Who: Prequel to the Curse of the Black Spot",https://www.imdb.com/title/tt2911108/,Video,6.8,1,2005,"Short, Sci-Fi",796,2011-04-25,"Jeremy Webb",,
193,tt1721225,2022-03-29,2022-03-29,,"Doctor Who: The Curse of the Black Spot","Doctor Who: The Curse of the Black Spot",https://www.imdb.com/title/tt1721225/,TV Episode,6.6,46,2011,"Adventure, Drama, Sci-Fi",7748,2011-05-07,"Jeremy Webb, Julian Simpson",,
194,tt1721226,2022-03-29,2022-03-29,,"Doctor Who: The Doctor's Wife","Doctor Who: The Doctor's Wife",https://www.imdb.com/title/tt1721226/,TV Episode,8.9,47,2011,"Adventure, Drama, Sci-Fi",10042,2011-05-14,"Richard Clark",,
195,tt1777783,2022-03-29,2022-03-29,,"Doctor Who: The Rebel Flesh","Doctor Who: The Rebel Flesh",https://www.imdb.com/title/tt1777783/,TV Episode,7.1,43,2011,"Adventure, Drama, Sci-Fi",7098,2011-05-21,"Julian Simpson",,
196,tt1777782,2022-03-29,2022-03-29,,"Doctor Who: The Almost People","Doctor Who: The Almost People",https://www.imdb.com/title/tt1777782/,TV Episode,7.3,46,2011,"Adventure, Drama, Sci-Fi",7035,2011-05-28,"Julian Simpson",,
197,tt2023919,2022-03-29,2022-03-29,,"Doctor Who: Prequel to A Good Man Goes to War","Doctor Who: Prequel to A Good Man Goes to War",https://www.imdb.com/title/tt2023919/,Video,7.3,2,2005,"Short, Sci-Fi",938,2011-05-28,"Peter Hoar",,
198,tt1777781,2022-03-29,2022-03-29,,"Doctor Who: A Good Man Goes to War","Doctor Who: A Good Man Goes to War",https://www.imdb.com/title/tt1777781/,TV Episode,9.0,49,2011,"Adventure, Drama, Sci-Fi",9782,2011-06-04,"Peter Hoar",,
199,tt4287028,2022-03-29,2022-03-29,,"Doctor Who: The Battle of Demon's Run: Two Days Later","Doctor Who: The Battle of Demon's Run: Two Days Later",https://www.imdb.com/title/tt4287028/,Video,7.5,3,2005,"Short, Sci-Fi",615,2013-03-25,"Marcus Wilson",,
200,tt1798034,2022-03-29,2022-03-29,,"Torchwood: Miracle Day: The New World","Torchwood: Miracle Day: The New World",https://www.imdb.com/title/tt1798034/,TV Episode,7.7,48,2011,"Action, Drama, Horror, Mystery, Sci-Fi, Thriller",2833,2011-07-08,"Bharat Nalluri",,
201,tt1819351,2022-03-29,2022-03-29,,"Torchwood: Miracle Day: Rendition","Torchwood: Miracle Day: Rendition",https://www.imdb.com/title/tt1819351/,TV Episode,7.4,60,2011,"Action, Drama, Horror, Mystery, Sci-Fi, Thriller",984,2011-07-15,"Billy Gierhart",,
202,tt1819350,2022-03-29,2022-03-29,,"Torchwood: Miracle Day: Dead of Night","Torchwood: Miracle Day: Dead of Night",https://www.imdb.com/title/tt1819350/,TV Episode,7.1,49,2011,"Action, Drama, Horror, Mystery, Sci-Fi, Thriller",909,2011-07-22,"Billy Gierhart",,
203,tt1819345,2022-03-29,2022-03-29,,"Torchwood: Miracle Day: Escape to LA","Torchwood: Miracle Day: Escape to LA",https://www.imdb.com/title/tt1819345/,TV Episode,7.2,49,2011,"Action, Drama, Horror, Mystery, Sci-Fi, Thriller",851,2011-07-29,"Billy Gierhart",,
204,tt1819344,2022-03-29,2022-03-29,,"Torchwood: Miracle Day: The Categories of Life","Torchwood: Miracle Day: The Categories of Life",https://www.imdb.com/title/tt1819344/,TV Episode,7.5,47,2011,"Action, Drama, Horror, Mystery, Sci-Fi, Thriller",764,2011-08-05,"Guy Ferland",,
205,tt1819348,2022-03-29,2022-03-29,,"Torchwood: Miracle Day: The Middle Men","Torchwood: Miracle Day: The Middle Men",https://www.imdb.com/title/tt1819348/,TV Episode,7.1,54,2011,"Action, Drama, Horror, Mystery, Sci-Fi, Thriller",742,2011-08-12,"Guy Ferland",,
206,tt1819347,2022-03-29,2022-03-29,,"Torchwood: Miracle Day: Immortal Sins","Torchwood: Miracle Day: Immortal Sins",https://www.imdb.com/title/tt1819347/,TV Episode,7.2,50,2011,"Action, Drama, Horror, Mystery, Sci-Fi, Thriller",793,2011-08-19,"Gwyneth Horder-Payton",,
207,tt1819343,2022-03-29,2022-03-29,,"Torchwood: Miracle Day: End of the Road","Torchwood: Miracle Day: End of the Road",https://www.imdb.com/title/tt1819343/,TV Episode,7.2,49,2011,"Action, Drama, Horror, Mystery, Sci-Fi, Thriller",748,2011-08-26,"Gwyneth Horder-Payton",,
208,tt1819346,2022-03-29,2022-03-29,,"Torchwood: Miracle Day: The Gathering","Torchwood: Miracle Day: The Gathering",https://www.imdb.com/title/tt1819346/,TV Episode,7.4,49,2011,"Action, Drama, Horror, Mystery, Sci-Fi, Thriller",732,2011-09-02,"Guy Ferland",,
209,tt1819349,2022-03-29,2022-03-29,,"Torchwood: Miracle Day: The Blood Line","Torchwood: Miracle Day: The Blood Line",https://www.imdb.com/title/tt1819349/,TV Episode,7.6,50,2011,"Action, Drama, Horror, Mystery, Sci-Fi, Thriller",900,2011-09-09,"Billy Gierhart",,
210,tt2023920,2022-03-29,2022-03-29,,"Doctor Who: Prequel to Let's Kill Hitler","Doctor Who: Prequel to Let's Kill Hitler",https://www.imdb.com/title/tt2023920/,Video,7.4,2,2011,"Short, Sci-Fi",908,2011-08-15,"Steve Hughes",,
211,tt1795142,2022-03-29,2022-03-29,,"Doctor Who: Let's Kill Hitler","Doctor Who: Let's Kill Hitler",https://www.imdb.com/title/tt1795142/,TV Episode,7.9,49,2011,"Adventure, Drama, Sci-Fi",7968,2011-08-27,"Richard Senior",,
212,tt1795143,2022-03-29,2022-03-29,,"Doctor Who: Night Terrors","Doctor Who: Night Terrors",https://www.imdb.com/title/tt1795143/,TV Episode,7.0,43,2011,"Adventure, Drama, Sci-Fi",6941,2011-09-03,"Richard Clark",,
213,tt1795139,2022-03-29,2022-03-29,,"Doctor Who: The Girl Who Waited","Doctor Who: The Girl Who Waited",https://www.imdb.com/title/tt1795139/,TV Episode,8.4,47,2011,"Adventure, Drama, Sci-Fi",8050,2011-09-10,"Nick Hurran",,
214,tt1795140,2022-03-29,2022-03-29,,"Doctor Who: The God Complex","Doctor Who: The God Complex",https://www.imdb.com/title/tt1795140/,TV Episode,8.0,49,2011,"Adventure, Drama, Sci-Fi",7519,2011-09-17,"Nick Hurran",,
215,tt3710644,2022-03-29,2022-03-29,,"Night and the Doctor: Up All Night","Night and the Doctor: Up All Night",https://www.imdb.com/title/tt3710644/,TV Episode,6.1,2,2011,"Short, Sci-Fi",106,2011-11-21,,,
216,tt1795141,2022-03-29,2022-03-29,,"Doctor Who: Closing Time","Doctor Who: Closing Time",https://www.imdb.com/title/tt1795141/,TV Episode,7.5,46,2011,"Adventure, Drama, Sci-Fi",7030,2011-09-24,"Steve Hughes",,
217,tt2911110,2022-03-29,2022-03-29,,"Doctor Who: The Prequel to the Wedding of River Song","Doctor Who: The Prequel to the Wedding of River Song",https://www.imdb.com/title/tt2911110/,Video,7.3,1,2005,"Short, Sci-Fi",778,2011-09-24,"Jeremy Webb",,
218,tt1824359,2022-03-29,2022-03-29,,"Doctor Who: The Wedding of River Song","Doctor Who: The Wedding of River Song",https://www.imdb.com/title/tt1824359/,TV Episode,8.4,46,2011,"Adventure, Drama, Sci-Fi",8268,2011-10-01,"Jeremy Webb",,
219,tt2087740,2022-03-29,2022-03-29,,"Doctor Who Confidential: Death Is the Only Answer","Doctor Who Confidential: Death Is the Only Answer",https://www.imdb.com/title/tt2087740/,TV Episode,6.5,4,2011,"Documentary",175,2011-10-01,"Jeremy Webb",,
220,tt3710640,2022-03-29,2022-03-29,,"Night and the Doctor: First Night","Night and the Doctor: First Night",https://www.imdb.com/title/tt3710640/,TV Episode,7.4,2,2011,"Short, Sci-Fi",131,2011-11-21,,,
221,tt3710642,2022-03-29,2022-03-29,,"Night and the Doctor: Last Night","Night and the Doctor: Last Night",https://www.imdb.com/title/tt3710642/,TV Episode,8.2,4,2011,"Short, Sci-Fi",130,2011-11-21,,,
222,tt1923982,2022-03-29,2022-03-29,,"The Sarah Jane Adventures: Sky: Part One","The Sarah Jane Adventures: Sky: Part One",https://www.imdb.com/title/tt1923982/,TV Episode,6.9,26,2011,"Action, Adventure, Drama, Family, Sci-Fi",295,2011-10-03,"Ashley Way",,
223,tt1956320,2022-03-29,2022-03-29,,"The Sarah Jane Adventures: Sky: Part Two","The Sarah Jane Adventures: Sky: Part Two",https://www.imdb.com/title/tt1956320/,TV Episode,6.7,25,2011,"Action, Adventure, Drama, Family, Sci-Fi",293,2011-10-04,"Ashley Way",,
224,tt1956321,2022-03-29,2022-03-29,,"The Sarah Jane Adventures: The Curse of Clyde Langer: Part One","The Sarah Jane Adventures: The Curse of Clyde Langer: Part One",https://www.imdb.com/title/tt1956321/,TV Episode,8.3,25,2011,"Action, Adventure, Drama, Family, Sci-Fi",311,2011-10-10,"Ashley Way",,
225,tt1956322,2022-03-29,2022-03-29,,"The Sarah Jane Adventures: The Curse of Clyde Langer: Part Two","The Sarah Jane Adventures: The Curse of Clyde Langer: Part Two",https://www.imdb.com/title/tt1956322/,TV Episode,8.3,26,2011,"Action, Adventure, Drama, Family, Sci-Fi",307,2011-10-11,"Ashley Way",,
226,tt1956323,2022-03-29,2022-03-29,,"The Sarah Jane Adventures: The Man Who Never Was: Part One","The Sarah Jane Adventures: The Man Who Never Was: Part One",https://www.imdb.com/title/tt1956323/,TV Episode,7.3,26,2011,"Action, Adventure, Drama, Family, Sci-Fi",286,2011-10-17,"Joss Agnew",,
227,tt1956324,2022-03-29,2022-03-29,,"The Sarah Jane Adventures: The Man Who Never Was: Part Two","The Sarah Jane Adventures: The Man Who Never Was: Part Two",https://www.imdb.com/title/tt1956324/,TV Episode,7.7,25,2011,"Action, Adventure, Drama, Family, Sci-Fi",296,2011-10-18,"Joss Agnew",,
228,tt2911112,2022-03-29,2022-03-29,,"Doctor Who: The Prequel to the Doctor, the Widow and the Wardrobe","Doctor Who: The Prequel to the Doctor, the Widow and the Wardrobe",https://www.imdb.com/title/tt2911112/,Video,7.2,2,2011,"Short, Sci-Fi",790,2011-12-06,"Marcus Wilson",,
229,tt1998643,2022-03-29,2022-03-29,,"Doctor Who: The Doctor, the Widow and the Wardrobe","Doctor Who: The Doctor, the Widow and the Wardrobe",https://www.imdb.com/title/tt1998643/,TV Episode,7.1,59,2011,"Adventure, Drama, Sci-Fi",7296,2011-12-25,"Farren Blackburn",,
230,tt2186416,2022-03-29,2022-03-29,,"Doctor Who: Good as Gold","Doctor Who: Good as Gold",https://www.imdb.com/title/tt2186416/,TV Short,6.8,3,2012,"Short, Adventure, Drama, Sci-Fi",558,2012-05-24,"Saul Metzstein",,
231,tt2361190,2022-03-29,2022-03-29,,"Pond Life","Pond Life",https://www.imdb.com/title/tt2361190/,TV Mini Series,8.0,5,2012,"Short, Comedy, Sci-Fi",1348,2012-08-27,,,
232,tt4286990,2022-03-29,2022-03-29,,"Doctor Who: Prequel to Asylum of the Daleks","Doctor Who: Prequel to Asylum of the Daleks",https://www.imdb.com/title/tt4286990/,Video,7.6,3,2012,"Short, Sci-Fi",626,2012-08-30,"Saul Metzstein",,
233,tt2402301,2022-03-29,2022-03-29,,"Doctor Who: Asylum of the Daleks","Doctor Who: Asylum of the Daleks",https://www.imdb.com/title/tt2402301/,TV Episode,8.5,49,2012,"Adventure, Drama, Sci-Fi",9194,2012-09-01,"Nick Hurran",,
234,tt4942130,2022-03-29,2022-03-29,,"Doctor Who: The Inforarium","Doctor Who: The Inforarium",https://www.imdb.com/title/tt4942130/,Video,7.5,2,2013,"Short, Sci-Fi",596,2013-09-24,,,
235,tt2317659,2022-03-29,2022-03-29,,"Doctor Who: Dinosaurs on a Spaceship","Doctor Who: Dinosaurs on a Spaceship",https://www.imdb.com/title/tt2317659/,TV Episode,7.2,45,2012,"Adventure, Drama, Sci-Fi",7779,2012-09-08,"Saul Metzstein",,
236,tt4286996,2022-03-29,2022-03-29,,"Doctor Who: The Making of the Gunslinger","Doctor Who: The Making of the Gunslinger",https://www.imdb.com/title/tt4286996/,Video,6.7,2,2005,"Short, Sci-Fi",550,2012-09-16,"Neill Gorton",,
237,tt2340501,2022-03-29,2022-03-29,,"Doctor Who: A Town Called Mercy","Doctor Who: A Town Called Mercy",https://www.imdb.com/title/tt2340501/,TV Episode,7.2,44,2012,"Adventure, Drama, Sci-Fi",7516,2012-09-15,"Saul Metzstein",,
238,tt2399633,2022-03-29,2022-03-29,,"Doctor Who: The Power of Three","Doctor Who: The Power of Three",https://www.imdb.com/title/tt2399633/,TV Episode,7.4,41,2012,"Adventure, Drama, Sci-Fi",7339,2012-09-22,"Douglas Mackinnon",,
239,tt2378951,2022-03-29,2022-03-29,,"Doctor Who: The Angels Take Manhattan","Doctor Who: The Angels Take Manhattan",https://www.imdb.com/title/tt2378951/,TV Episode,9.0,44,2012,"Adventure, Drama, Sci-Fi",10189,2012-09-29,"Nick Hurran",,
240,tt2736758,2022-03-29,2022-03-29,,"Doctor Who: The Great Detective","Doctor Who: The Great Detective",https://www.imdb.com/title/tt2736758/,Video,7.4,3,2012,"Short, Sci-Fi",867,2012-11-16,"Marcus Wilson",,
241,tt2579624,2022-03-29,2022-03-29,,"Doctor Who: Vastra Investigates - A Christmas Prequel","Doctor Who: Vastra Investigates - A Christmas Prequel",https://www.imdb.com/title/tt2579624/,Video,7.4,3,2005,"Short, Comedy, Drama, Sci-Fi",676,2012-12-17,"John Hayes, Saul Metzstein",,
242,tt2380513,2022-03-29,2022-03-29,,"Doctor Who: The Snowmen","Doctor Who: The Snowmen",https://www.imdb.com/title/tt2380513/,TV Episode,8.3,60,2012,"Adventure, Drama, Sci-Fi",8491,2012-12-25,"Saul Metzstein",,
243,tt4287020,2022-03-29,2022-03-29,,"Doctor Who: The Bells of Saint John: A Prequel","Doctor Who: The Bells of Saint John: A Prequel",https://www.imdb.com/title/tt4287020/,Video,7.9,3,2013,"Short, Sci-Fi",722,2013-03-23,"John Hayes",,
244,tt2222152,2022-03-29,2022-03-29,,"Doctor Who: The Bells of Saint John","Doctor Who: The Bells of Saint John",https://www.imdb.com/title/tt2222152/,TV Episode,7.8,45,2013,"Adventure, Drama, Sci-Fi",7442,2013-03-30,"Colm McCarthy",,
245,tt2284610,2022-03-29,2022-03-29,,"Doctor Who: The Rings of Akhaten","Doctor Who: The Rings of Akhaten",https://www.imdb.com/title/tt2284610/,TV Episode,7.3,46,2013,"Adventure, Drama, Sci-Fi",7957,2013-04-06,"Farren Blackburn",,
246,tt2267312,2022-03-29,2022-03-29,,"Doctor Who: Cold War","Doctor Who: Cold War",https://www.imdb.com/title/tt2267312/,TV Episode,7.1,41,2013,"Adventure, Drama, Sci-Fi",6945,2013-04-13,"Douglas Mackinnon",,
247,tt2267332,2022-03-29,2022-03-29,,"Doctor Who: Hide","Doctor Who: Hide",https://www.imdb.com/title/tt2267332/,TV Episode,7.6,45,2013,"Adventure, Drama, Sci-Fi",6895,2013-04-20,"Jamie Payne",,
248,tt4579746,2022-03-29,2022-03-29,,"Doctor Who: Clara and the Tardis","Doctor Who: Clara and the Tardis",https://www.imdb.com/title/tt4579746/,Video,7.8,2,2013,"Short, Sci-Fi",852,2013-09-24,"Jamie Magnus Stone",,
249,tt4942126,2022-03-29,2022-03-29,,"Doctor Who: Rain Gods","Doctor Who: Rain Gods",https://www.imdb.com/title/tt4942126/,Video,7.4,2,2013,"Short, Sci-Fi",693,2013-09-24,"Richard Senior",,
250,tt2267326,2022-03-29,2022-03-29,,"Doctor Who: Journey to the Centre of the TARDIS","Doctor Who: Journey to the Centre of the TARDIS",https://www.imdb.com/title/tt2267326/,TV Episode,7.4,47,2013,"Adventure, Drama, Sci-Fi",6930,2013-04-27,"Mat King",,
251,tt2204480,2022-03-29,2022-03-29,,"Doctor Who: The Crimson Horror","Doctor Who: The Crimson Horror",https://www.imdb.com/title/tt2204480/,TV Episode,7.1,47,2013,"Adventure, Drama, Sci-Fi",6671,2013-05-04,"Saul Metzstein",,
252,tt2267338,2022-03-29,2022-03-29,,"Doctor Who: Nightmare in Silver","Doctor Who: Nightmare in Silver",https://www.imdb.com/title/tt2267338/,TV Episode,7.2,47,2013,"Adventure, Drama, Sci-Fi",6714,2013-05-11,"Stephen Woolfenden",,
253,tt4287038,2022-03-29,2022-03-29,,"Doctor Who Prequel: She Said, He Said","Doctor Who Prequel: She Said, He Said",https://www.imdb.com/title/tt4287038/,Video,7.3,4,2013,"Short, Sci-Fi",721,2013-05-11,,,
254,tt4287046,2022-03-29,2022-03-29,,"Doctor Who: Clarence and the Whispermen","Doctor Who: Clarence and the Whispermen",https://www.imdb.com/title/tt4287046/,Video,6.8,2,2005,"Short, Sci-Fi",579,2013-05-26,"Stephen Woolfenden",,
255,tt2267346,2022-03-29,2022-03-29,,"Doctor Who: The Name of the Doctor","Doctor Who: The Name of the Doctor",https://www.imdb.com/title/tt2267346/,TV Episode,8.9,44,2013,"Adventure, Drama, Sci-Fi",9622,2013-05-18,"Saul Metzstein",,
256,tt2986512,2022-03-29,2022-03-29,,"Doctor Who: The Time of the Doctor","Doctor Who: The Time of the Doctor",https://www.imdb.com/title/tt2986512/,TV Episode,8.4,61,2013,"Adventure, Drama, Sci-Fi",8920,2013-12-25,"Jamie Payne",,
257,tt3469416,2022-03-29,2022-03-29,,"Doctor Who: Deep Breath","Doctor Who: Deep Breath",https://www.imdb.com/title/tt3469416/,TV Episode,7.8,76,2014,"Adventure, Drama, Sci-Fi",9719,2014-08-23,"Ben Wheatley",,
258,tt3737226,2022-03-29,2022-03-29,,"Doctor Who: Into the Dalek","Doctor Who: Into the Dalek",https://www.imdb.com/title/tt3737226/,TV Episode,7.5,47,2014,"Adventure, Drama, Sci-Fi",7922,2014-08-30,"Ben Wheatley",,
259,tt3714112,2022-03-29,2022-03-29,,"Doctor Who: Robot of Sherwood","Doctor Who: Robot of Sherwood",https://www.imdb.com/title/tt3714112/,TV Episode,6.9,46,2014,"Adventure, Drama, Sci-Fi",8066,2014-09-06,"Paul Murphy",,
260,tt3745430,2022-03-29,2022-03-29,,"Doctor Who: Listen","Doctor Who: Listen",https://www.imdb.com/title/tt3745430/,TV Episode,8.7,47,2014,"Adventure, Drama, Sci-Fi",9876,2014-09-13,"Douglas Mackinnon",,
261,tt3845940,2022-03-29,2022-03-29,,"Doctor Who: Time Heist","Doctor Who: Time Heist",https://www.imdb.com/title/tt3845940/,TV Episode,7.8,45,2014,"Adventure, Drama, Sci-Fi",7613,2014-09-20,"Douglas Mackinnon",,
262,tt3845938,2022-03-29,2022-03-29,,"Doctor Who: The Caretaker","Doctor Who: The Caretaker",https://www.imdb.com/title/tt3845938/,TV Episode,7.2,45,2014,"Adventure, Drama, Sci-Fi",6770,2014-09-27,"Paul Murphy",,
263,tt3787384,2022-03-29,2022-03-29,,"Doctor Who: Kill the Moon","Doctor Who: Kill the Moon",https://www.imdb.com/title/tt3787384/,TV Episode,6.6,45,2014,"Adventure, Drama, Sci-Fi",7599,2014-10-04,"Paul Wilmshurst",,
264,tt3787400,2022-03-29,2022-03-29,,"Doctor Who: Mummy on the Orient Express","Doctor Who: Mummy on the Orient Express",https://www.imdb.com/title/tt3787400/,TV Episode,8.4,46,2014,"Adventure, Drama, Sci-Fi",7646,2014-10-11,"Paul Wilmshurst",,
265,tt3834038,2022-03-29,2022-03-29,,"Doctor Who: Flatline","Doctor Who: Flatline",https://www.imdb.com/title/tt3834038/,TV Episode,8.3,43,2014,"Adventure, Drama, Sci-Fi",7206,2014-10-18,"Douglas Mackinnon",,
266,tt3834040,2022-03-29,2022-03-29,,"Doctor Who: In the Forest of the Night","Doctor Who: In the Forest of the Night",https://www.imdb.com/title/tt3834040/,TV Episode,6.0,45,2014,"Adventure, Drama, Sci-Fi",6991,2014-10-25,"Sheree Folkson",,
267,tt3834042,2022-03-29,2022-03-29,,"Doctor Who: Dark Water","Doctor Who: Dark Water",https://www.imdb.com/title/tt3834042/,TV Episode,8.5,47,2014,"Adventure, Drama, Sci-Fi",7552,2014-11-01,"Rachel Talalay",,
268,tt3834044,2022-03-29,2022-03-29,,"Doctor Who: Death in Heaven","Doctor Who: Death in Heaven",https://www.imdb.com/title/tt3834044/,TV Episode,7.8,57,2014,"Adventure, Drama, Sci-Fi",7267,2014-11-08,"Rachel Talalay",,
269,tt4050552,2022-03-29,2022-03-29,,"Doctor Who: Last Christmas","Doctor Who: Last Christmas",https://www.imdb.com/title/tt4050552/,TV Episode,8.1,61,2014,"Adventure, Drama, Sci-Fi",7216,2014-12-25,"Paul Wilmshurst",,
270,tt5020110,2022-03-29,2022-03-29,,"Doctor Who: New Series Prologue","Doctor Who: New Series Prologue",https://www.imdb.com/title/tt5020110/,Video,7.6,2,2015,"Short, Sci-Fi",663,2015-09-11,"Hettie Macdonald",,
271,tt5027504,2022-03-29,2022-03-29,,"Doctor Who: The Doctor's Meditation","Doctor Who: The Doctor's Meditation",https://www.imdb.com/title/tt5027504/,Video,7.6,7,2015,"Short, Sci-Fi",737,2015-09-15,"Edward Bazalgette",,
272,tt4289846,2022-03-29,2022-03-29,,"Doctor Who: The Magician's Apprentice","Doctor Who: The Magician's Apprentice",https://www.imdb.com/title/tt4289846/,TV Episode,8.3,49,2015,"Adventure, Drama, Sci-Fi",7703,2015-09-19,"Hettie Macdonald",,
273,tt4464958,2022-03-29,2022-03-29,,"Doctor Who: The Witch's Familiar","Doctor Who: The Witch's Familiar",https://www.imdb.com/title/tt4464958/,TV Episode,8.4,50,2015,"Adventure, Drama, Sci-Fi",7032,2015-09-26,"Hettie Macdonald",,
274,tt4483506,2022-03-29,2022-03-29,,"Doctor Who: Under the Lake","Doctor Who: Under the Lake",https://www.imdb.com/title/tt4483506/,TV Episode,8.1,46,2015,"Adventure, Drama, Sci-Fi",6780,2015-10-03,"Daniel O'Hara",,
275,tt4483520,2022-03-29,2022-03-29,,"Doctor Who: Before the Flood","Doctor Who: Before the Flood",https://www.imdb.com/title/tt4483520/,TV Episode,8.0,42,2015,"Adventure, Drama, Sci-Fi",6451,2015-10-10,"Daniel O'Hara",,
276,tt4507160,2022-03-29,2022-03-29,,"Doctor Who: The Girl Who Died","Doctor Who: The Girl Who Died",https://www.imdb.com/title/tt4507160/,TV Episode,7.4,48,2015,"Adventure, Drama, Sci-Fi",6446,2015-10-17,"Edward Bazalgette",,
277,tt4545140,2022-03-29,2022-03-29,,"Doctor Who: The Woman Who Lived","Doctor Who: The Woman Who Lived",https://www.imdb.com/title/tt4545140/,TV Episode,7.2,45,2015,"Adventure, Drama, Sci-Fi",6299,2015-10-24,"Edward Bazalgette",,
278,tt4652840,2022-03-29,2022-03-29,,"Doctor Who: The Zygon Invasion","Doctor Who: The Zygon Invasion",https://www.imdb.com/title/tt4652840/,TV Episode,7.6,45,2015,"Adventure, Drama, Sci-Fi",6214,2015-10-31,"Daniel Nettheim",,
279,tt4652846,2022-03-29,2022-03-29,,"Doctor Who: The Zygon Inversion","Doctor Who: The Zygon Inversion",https://www.imdb.com/title/tt4652846/,TV Episode,8.4,46,2015,"Adventure, Drama, Sci-Fi",6703,2015-11-07,"Daniel Nettheim",,
280,tt4787004,2022-03-29,2022-03-29,,"Doctor Who: Sleep No More","Doctor Who: Sleep No More",https://www.imdb.com/title/tt4787004/,TV Episode,5.7,45,2015,"Adventure, Drama, Sci-Fi",6643,2015-11-14,"Justin Molotnikov",,
281,tt4701538,2022-03-29,2022-03-29,,"Doctor Who: Face the Raven","Doctor Who: Face the Raven",https://www.imdb.com/title/tt4701538/,TV Episode,8.5,46,2015,"Adventure, Drama, Sci-Fi",7330,2015-11-21,"Justin Molotnikov",,
282,tt4701542,2022-03-29,2022-03-29,,"Doctor Who: Heaven Sent","Doctor Who: Heaven Sent",https://www.imdb.com/title/tt4701542/,TV Episode,9.6,55,2015,"Adventure, Drama, Sci-Fi",15141,2015-11-28,"Rachel Talalay",,
283,tt4701544,2022-03-29,2022-03-29,,"Doctor Who: Hell Bent","Doctor Who: Hell Bent",https://www.imdb.com/title/tt4701544/,TV Episode,8.6,60,2015,"Adventure, Drama, Sci-Fi",8212,2015-12-05,"Rachel Talalay",,
284,tt4701546,2022-03-29,2022-03-29,,"Doctor Who: The Husbands of River Song","Doctor Who: The Husbands of River Song",https://www.imdb.com/title/tt4701546/,TV Episode,8.5,56,2015,"Adventure, Drama, Sci-Fi",7297,2015-12-25,"Douglas Mackinnon",,
285,tt5079788,2022-03-29,2022-03-29,,"Class","Class",https://www.imdb.com/title/tt5079788/,TV Series,6.8,45,2016,"Drama, Sci-Fi",4767,2017-04-15,,,
286,tt5163494,2022-03-29,2022-03-29,,"Doctor Who: The Return of Doctor Mysterio","Doctor Who: The Return of Doctor Mysterio",https://www.imdb.com/title/tt5163494/,TV Episode,7.3,61,2016,"Adventure, Drama, Sci-Fi",6660,2016-12-25,"Edward Bazalgette",,
287,tt5784892,2022-03-29,2022-03-29,,"Doctor Who: Friend from the Future","Doctor Who: Friend from the Future",https://www.imdb.com/title/tt5784892/,Video,7.2,2,2016,"Short, Sci-Fi",484,2016-04-23,"Lawrence Gough",,
288,tt5848216,2022-03-29,2022-03-29,,"Doctor Who: The Pilot","Doctor Who: The Pilot",https://www.imdb.com/title/tt5848216/,TV Episode,7.8,49,2017,"Adventure, Drama, Sci-Fi",6682,2017-04-15,"Lawrence Gough",,
289,tt5985750,2022-03-29,2022-03-29,,"Doctor Who: Smile","Doctor Who: Smile",https://www.imdb.com/title/tt5985750/,TV Episode,7.1,45,2017,"Adventure, Drama, Sci-Fi",5881,2017-04-22,"Lawrence Gough",,
290,tt5985752,2022-03-29,2022-03-29,,"Doctor Who: Thin Ice","Doctor Who: Thin Ice",https://www.imdb.com/title/tt5985752/,TV Episode,7.2,44,2017,"Adventure, Drama, Sci-Fi",5665,2017-04-29,"Bill Anderson",,
291,tt5985754,2022-03-29,2022-03-29,,"Doctor Who: Knock Knock","Doctor Who: Knock Knock",https://www.imdb.com/title/tt5985754/,TV Episode,7.3,44,2017,"Adventure, Drama, Sci-Fi",5642,2017-05-06,"Bill Anderson",,
292,tt6250146,2022-03-29,2022-03-29,,"Doctor Who: Oxygen","Doctor Who: Oxygen",https://www.imdb.com/title/tt6250146/,TV Episode,7.9,44,2017,"Adventure, Drama, Sci-Fi",5768,2017-05-13,"Charlie Palmer",,
293,tt6340130,2022-03-29,2022-03-29,,"Doctor Who: Extremis","Doctor Who: Extremis",https://www.imdb.com/title/tt6340130/,TV Episode,8.3,48,2017,"Adventure, Drama, Sci-Fi",5944,2017-05-20,"Daniel Nettheim",,
294,tt6336800,2022-03-29,2022-03-29,,"Doctor Who: The Pyramid at the End of the World","Doctor Who: The Pyramid at the End of the World",https://www.imdb.com/title/tt6336800/,TV Episode,7.6,46,2017,"Adventure, Drama, Sci-Fi",5283,2017-05-27,"Daniel Nettheim",,
295,tt6333372,2022-03-29,2022-03-29,,"Doctor Who: The Lie of the Land","Doctor Who: The Lie of the Land",https://www.imdb.com/title/tt6333372/,TV Episode,7.1,44,2017,"Adventure, Drama, Sci-Fi",5140,2017-06-03,"Wayne Che Yip",,
296,tt6340134,2022-03-29,2022-03-29,,"Doctor Who: Empress of Mars","Doctor Who: Empress of Mars",https://www.imdb.com/title/tt6340134/,TV Episode,6.9,43,2017,"Adventure, Drama, Sci-Fi",5060,2017-06-10,"Wayne Che Yip",,
297,tt6250158,2022-03-29,2022-03-29,,"Doctor Who: The Eaters of Light","Doctor Who: The Eaters of Light",https://www.imdb.com/title/tt6250158/,TV Episode,6.8,42,2017,"Adventure, Drama, Sci-Fi",5044,2017-06-17,"Charlie Palmer",,
298,tt6340138,2022-03-29,2022-03-29,,"Doctor Who: World Enough and Time","Doctor Who: World Enough and Time",https://www.imdb.com/title/tt6340138/,TV Episode,9.1,45,2017,"Adventure, Drama, Sci-Fi",6945,2017-06-24,"Rachel Talalay",,
299,tt6340142,2022-03-29,2022-03-29,,"Doctor Who: The Doctor Falls","Doctor Who: The Doctor Falls",https://www.imdb.com/title/tt6340142/,TV Episode,9.0,60,2017,"Adventure, Drama, Sci-Fi",6951,2017-07-01,"Rachel Talalay",,
300,tt6968542,2022-03-29,2022-03-29,,"Doctor Who: Twice Upon a Time","Doctor Who: Twice Upon a Time",https://www.imdb.com/title/tt6968542/,TV Episode,8.3,60,2017,"Adventure, Drama, Sci-Fi",8655,2017-12-25,"Rachel Talalay",,
301,tt7542168,2022-03-29,2022-03-29,,"Doctor Who: The Woman Who Fell to Earth","Doctor Who: The Woman Who Fell to Earth",https://www.imdb.com/title/tt7542168/,TV Episode,6.9,60,2018,"Adventure, Drama, Sci-Fi",12233,2018-10-07,"Jamie Childs",,
302,tt7558994,2022-03-29,2022-03-29,,"Doctor Who: The Ghost Monument","Doctor Who: The Ghost Monument",https://www.imdb.com/title/tt7558994/,TV Episode,6.1,48,2018,"Adventure, Drama, Sci-Fi",9704,2018-10-14,"Mark Tonderai",,
303,tt7689190,2022-03-29,2022-03-29,,"Doctor Who: Rosa","Doctor Who: Rosa",https://www.imdb.com/title/tt7689190/,TV Episode,7.1,49,2018,"Adventure, Drama, Sci-Fi",11347,2018-10-21,"Mark Tonderai",,
304,tt7689200,2022-03-29,2022-03-29,,"Doctor Who: Arachnids in the UK","Doctor Who: Arachnids in the UK",https://www.imdb.com/title/tt7689200/,TV Episode,5.1,49,2018,"Adventure, Drama, Sci-Fi",9065,2018-10-28,"Sallie Aprahamian",,
305,tt7693260,2022-03-29,2022-03-29,,"Doctor Who: The Tsuranga Conundrum","Doctor Who: The Tsuranga Conundrum",https://www.imdb.com/title/tt7693260/,TV Episode,5.1,50,2018,"Adventure, Drama, Sci-Fi",8482,2018-11-04,"Jennifer Perrott",,
306,tt7693262,2022-03-29,2022-03-29,,"Doctor Who: Demons of the Punjab","Doctor Who: Demons of the Punjab",https://www.imdb.com/title/tt7693262/,TV Episode,6.6,50,2018,"Adventure, Drama, Sci-Fi",8679,2018-11-11,"Jamie Childs",,
307,tt7693268,2022-03-29,2022-03-29,,"Doctor Who: Kerblam!","Doctor Who: Kerblam!",https://www.imdb.com/title/tt7693268/,TV Episode,6.3,48,2018,"Adventure, Drama, Sci-Fi",7780,2018-11-18,"Jennifer Perrott",,
308,tt7693274,2022-03-29,2022-03-29,,"Doctor Who: The Witchfinders","Doctor Who: The Witchfinders",https://www.imdb.com/title/tt7693274/,TV Episode,5.8,46,2018,"Adventure, Drama, Sci-Fi",7350,2018-11-25,"Sallie Aprahamian",,
309,tt7693276,2022-03-29,2022-03-29,,"Doctor Who: It Takes You Away","Doctor Who: It Takes You Away",https://www.imdb.com/title/tt7693276/,TV Episode,6.3,49,2018,"Adventure, Drama, Sci-Fi",7106,2018-12-02,"Jamie Childs",,
310,tt7693280,2022-03-29,2022-03-29,,"Doctor Who: The Battle of Ranskoor Av Kolos","Doctor Who: The Battle of Ranskoor Av Kolos",https://www.imdb.com/title/tt7693280/,TV Episode,5.3,50,2018,"Adventure, Drama, Sci-Fi",6574,2018-12-09,"Jamie Childs",,
311,tt8758636,2022-03-29,2022-03-29,,"Doctor Who: Resolution","Doctor Who: Resolution",https://www.imdb.com/title/tt8758636/,TV Episode,6.0,60,2019,"Adventure, Drama, Sci-Fi",6389,2019-01-01,"Wayne Che Yip",,
312,tt9354122,2022-03-29,2022-03-29,,"Doctor Who: Spyfall: Part One","Doctor Who: Spyfall: Part One",https://www.imdb.com/title/tt9354122/,TV Episode,6.7,60,2020,"Adventure, Drama, Sci-Fi",7379,2020-01-01,"Jamie Magnus Stone",,
313,tt9354166,2022-03-29,2022-03-29,,"Doctor Who: Spyfall: Part Two","Doctor Who: Spyfall: Part Two",https://www.imdb.com/title/tt9354166/,TV Episode,6.5,61,2020,"Adventure, Drama, Sci-Fi",6697,2020-01-05,"Lee Haven Jones",,
314,tt9354208,2022-03-29,2022-03-29,,"Doctor Who: Orphan 55","Doctor Who: Orphan 55",https://www.imdb.com/title/tt9354208/,TV Episode,4.1,46,2020,"Adventure, Drama, Sci-Fi",7517,2020-01-12,"Lee Haven Jones",,
315,tt9354212,2022-03-29,2022-03-29,,"Doctor Who: Nikola Tesla's Night of Terror","Doctor Who: Nikola Tesla's Night of Terror",https://www.imdb.com/title/tt9354212/,TV Episode,6.5,50,2020,"Adventure, Drama, Sci-Fi",6177,2020-01-19,"Nida Manzoor",,
316,tt9354216,2022-03-29,2022-03-29,,"Doctor Who: Fugitive of the Judoon","Doctor Who: Fugitive of the Judoon",https://www.imdb.com/title/tt9354216/,TV Episode,7.5,49,2020,"Adventure, Drama, Sci-Fi",6744,2020-01-26,"Nida Manzoor",,
317,tt9354222,2022-03-29,2022-03-29,,"Doctor Who: Praxeus","Doctor Who: Praxeus",https://www.imdb.com/title/tt9354222/,TV Episode,5.2,50,2020,"Adventure, Drama, Sci-Fi",5716,2020-02-02,"Jamie Magnus Stone",,
318,tt9361014,2022-03-29,2022-03-29,,"Doctor Who: Can You Hear Me?","Doctor Who: Can You Hear Me?",https://www.imdb.com/title/tt9361014/,TV Episode,5.7,49,2020,"Adventure, Drama, Sci-Fi",5246,2020-02-09,"Emma Sullivan",,
319,tt9361038,2022-03-29,2022-03-29,,"Doctor Who: The Haunting of Villa Diodati","Doctor Who: The Haunting of Villa Diodati",https://www.imdb.com/title/tt9361038/,TV Episode,7.1,49,2020,"Adventure, Drama, Sci-Fi",5598,2020-02-16,"Emma Sullivan",,
320,tt9361042,2022-03-29,2022-03-29,,"Doctor Who: Ascension of the Cybermen","Doctor Who: Ascension of the Cybermen",https://www.imdb.com/title/tt9361042/,TV Episode,6.5,49,2020,"Adventure, Drama, Sci-Fi",5175,2020-02-23,"Jamie Magnus Stone",,
321,tt9361046,2022-03-29,2022-03-29,,"Doctor Who: The Timeless Children","Doctor Who: The Timeless Children",https://www.imdb.com/title/tt9361046/,TV Episode,5.1,66,2020,"Adventure, Drama, Sci-Fi",7142,2020-03-01,"Jamie Magnus Stone",,
322,tt12173386,2022-03-29,2022-03-29,,"Farewell, Sarah Jane","Farewell, Sarah Jane",https://www.imdb.com/title/tt12173386/,Video,9.1,13,2020,"Short, Drama",299,2020-04-19,"Russell T. Davies",,
323,tt11892730,2022-03-29,2022-03-29,,"Doctor Who: Revolution of the Daleks","Doctor Who: Revolution of the Daleks",https://www.imdb.com/title/tt11892730/,TV Episode,6.1,71,2021,"Adventure, Drama, Sci-Fi",4780,2021-01-01,"Lee Haven Jones",,
324,tt13456370,2022-03-29,2022-03-29,,"Doctor Who: Flux: Chapter One - The Halloween Apocalypse","Doctor Who: Flux: Chapter One - The Halloween Apocalypse",https://www.imdb.com/title/tt13456370/,TV Episode,6.7,50,2021,"Adventure, Drama, Sci-Fi",5440,2021-10-31,"Jamie Magnus Stone",,
325,tt13464078,2022-03-29,2022-03-29,,"Doctor Who: Flux: Chapter Two - War of the Sontarans","Doctor Who: Flux: Chapter Two - War of the Sontarans",https://www.imdb.com/title/tt13464078/,TV Episode,7.0,60,2021,"Adventure, Drama, Sci-Fi",4528,2021-11-07,"Jamie Magnus Stone",,
326,tt13469788,2022-03-29,2022-03-29,,"Doctor Who: Flux: Chapter Three - Once, Upon Time","Doctor Who: Flux: Chapter Three - Once, Upon Time",https://www.imdb.com/title/tt13469788/,TV Episode,5.9,49,2021,"Adventure, Drama, Sci-Fi",4217,2021-11-14,"Azhur Saleem",,
327,tt13469792,2022-03-29,2022-03-29,,"Doctor Who: Flux: Chapter Four - Village of the Angels","Doctor Who: Flux: Chapter Four - Village of the Angels",https://www.imdb.com/title/tt13469792/,TV Episode,7.7,56,2021,"Adventure, Drama, Sci-Fi",4607,2021-11-21,"Jamie Magnus Stone",,
328,tt13469800,2022-03-29,2022-03-29,,"Doctor Who: Flux: Chapter Five - Survivors of the Flux","Doctor Who: Flux: Chapter Five - Survivors of the Flux",https://www.imdb.com/title/tt13469800/,TV Episode,6.1,51,2021,"Adventure, Drama, Sci-Fi",3899,2021-11-28,"Azhur Saleem",,
329,tt13469804,2022-03-29,2022-03-29,,"Doctor Who: Flux: Chapter Six - The Vanquishers","Doctor Who: Flux: Chapter Six - The Vanquishers",https://www.imdb.com/title/tt13469804/,TV Episode,5.3,59,2021,"Adventure, Drama, Sci-Fi",4038,2021-12-05,"Azhur Saleem",,
330,tt13469818,2022-03-29,2022-03-29,,"Doctor Who: Eve of the Daleks","Doctor Who: Eve of the Daleks",https://www.imdb.com/title/tt13469818/,TV Episode,6.7,58,2022,"Adventure, Drama, Sci-Fi",4089,2022-01-01,"Annetta Laufer",,
331,tt13469822,2022-03-29,2022-03-29,,"Doctor Who: Legend of the Sea Devils","Doctor Who: Legend of the Sea Devils",https://www.imdb.com/title/tt13469822/,TV Episode,4.5,48,2022,"Adventure, Drama, Sci-Fi",3857,2022-04-17,"Haolu Wang",,
332,tt15243958,2022-03-29,2022-03-29,,"Doctor Who: The Power of the Doctor","Doctor Who: The Power of the Doctor",https://www.imdb.com/title/tt15243958/,TV Episode,7.6,88,2022,"Adventure, Drama, Sci-Fi",4925,2022-10-23,"Jamie Magnus Stone",,
333,tt20245360,2022-05-16,2022-05-16,,"Doctor Who: The Star Beast","Doctor Who: The Star Beast",https://www.imdb.com/title/tt20245360/,TV Episode,6.9,57,2023,"Adventure, Drama, Sci-Fi",11445,2023-11-25,"Rachel Talalay",,
334,tt15661864,2022-05-16,2022-05-16,,"Doctor Who: Wild Blue Yonder","Doctor Who: Wild Blue Yonder",https://www.imdb.com/title/tt15661864/,TV Episode,8.2,54,2023,"Adventure, Drama, Sci-Fi",7886,2023-12-02,"Tom Kingsley",,
